i,j,value_real,value_imag
0,1,-0.93999999999999995,0.040000000000000001
0,3,-0.28000000000000003,0.059999999999999998
0,17,0.13,0
0,162,-0.013833395302672483,0.018414526909992172
1,2,-0.93760035998380031,0.040000000000000001
1,4,-0.28000000000000003,0.029999999999999999
2,3,-0.93520287948164438,0.040000000000000001
2,5,-0.28000000000000003,0
2,198,-0.028121087676568485,0.038474447410719197
3,4,-0.93280971606415908,0.040000000000000001
3,6,-0.28000000000000003,-0.029999999999999999
4,5,-0.93042302341688643,0.040000000000000001
4,7,-0.28000000000000003,-0.059999999999999998
4,21,0.12389455194106543,0.039371817323088379
5,6,-0.92804494940211202,0.040000000000000001
5,8,-0.28000000000000003,0.059999999999999998
6,7,-0.92567763412593407,0.040000000000000001
6,9,-0.28000000000000003,0.029999999999999999
6,297,0.038067234086667609,0.029742300908786601
7,8,-0.92332320801231194,0.040000000000000001
7,10,-0.28000000000000003,0
7,84,0.011679368679721913,0.017304524093475653
7,543,0.019581032277046426,-0.0047430256316506186
8,9,-0.92098378988582918,0.040000000000000001
8,11,-0.28000000000000003,-0.029999999999999999
8,25,0.10615169231811321,0.07504544102076173
8,143,-0.017855578170519755,0.016553287768855486
9,10,-0.91866148506489342,0.040000000000000001
9,12,-0.28000000000000003,-0.059999999999999998
9,359,0.026381001845419305,0.044378657351560373
10,11,-0.91635838346709275,0.040000000000000001
10,13,-0.28000000000000003,0.059999999999999998
11,12,-0.91407655772841045,0.040000000000000001
11,14,-0.28000000000000003,0.029999999999999999
12,13,-0.9118180613379927,0.040000000000000001
12,15,-0.28000000000000003,0
12,29,0.078438007405680299,0.10367004868440279
12,73,0.040107855213925764,0.046747430465098827
12,596,-0.0020318744984630377,-0.014487934553314888
13,14,-0.90958492679014702,0.040000000000000001
13,16,-0.28000000000000003,-0.029999999999999999
13,492,-0.049263336506876657,-0.016037889003670522
14,15,-0.90737916375523431,0.040000000000000001
14,17,-0.28000000000000003,-0.059999999999999998
14,219,0.047739098132609806,0.040614346416914568
15,16,-0.90520275727110155,0.040000000000000001
15,18,-0.28000000000000003,0.059999999999999998
16,17,-0.90305766595668135,0.040000000000000001
16,19,-0.28000000000000003,0.029999999999999999
16,33,0.12655379615188786,0.029734435921106941
17,18,-0.90094582024936731,0.040000000000000001
17,20,-0.28000000000000003,0
18,19,-0.89886912066775093,0.040000000000000001
18,21,-0.28000000000000003,-0.029999999999999999
19,20,-0.89682943610128241,0.040000000000000001
19,22,-0.28000000000000003,-0.059999999999999998
20,21,-0.8948286021283971,0.040000000000000001
20,23,-0.28000000000000003,0.059999999999999998
20,37,0.11160482377990905,0.066666058148471985
20,439,0.064524991818501992,-0.040716637060644573
21,22,-0.89286841936461836,0.040000000000000001
21,24,-0.28000000000000003,0.029999999999999999
21,77,-0.055898630701660706,0.037595273602693213
21,602,0.040025346129242662,-0.022576986536562805
21,622,0.038719222186594182,0.038133365004185238
21,634,-0.00016813778374211164,-0.016991564047900087
22,23,-0.8909506518421253,0.040000000000000001
22,25,-0.28000000000000003,0
23,24,-0.88907702542224254,0.040000000000000001
23,26,-0.28000000000000003,-0.029999999999999999
23,480,0.03266159259271581,-0.011539952103744776
24,25,-0.88724922624228209,0.040000000000000001
24,27,-0.28000000000000003,-0.059999999999999998
24,41,0.086172813643087445,0.097335739524769219
25,26,-0.88546889919813321,0.040000000000000001
25,28,-0.28000000000000003,0.059999999999999998
25,544,0.040413135739656325,-0.037512595905532117
26,27,-0.88373764646396713,0.040000000000000001
26,29,-0.28000000000000003,0.029999999999999999
27,28,-0.8820570260503886,0.040000000000000001
27,30,-0.28000000000000003,0
28,29,-0.88042855040233126,0.040000000000000001
28,31,-0.28000000000000003,-0.029999999999999999
28,45,0.12846457050941809,0.019921197851302704
28,160,-0.056733518228870211,0.019557579112702214
29,30,-0.87885368503795958,0.040000000000000001
29,32,-0.28000000000000003,-0.059999999999999998
29,608,0.022761920024573654,0.00018512921429623963
30,31,-0.87733384722980123,0.040000000000000001
30,33,-0.28000000000000003,0.059999999999999998
31,32,-0.87587040472929778,0.040000000000000001
31,34,-0.28000000000000003,0.029999999999999999
32,33,-0.87446467453592014,0.040000000000000001
32,35,-0.28000000000000003,0
32,49,0.11639789723774747,0.057892396034632913
32,170,-0.059224793207012051,0.0035079398751815538
32,547,0.014542284076904125,0.044747125581433164
32,758,0.069162302396771874,0.043515742137784905
33,34,-0.87311792171195834,0.040000000000000001
33,36,-0.28000000000000003,-0.029999999999999999
34,35,-0.87183135824405089,0.040000000000000001
34,37,-0.28000000000000003,-0.059999999999999998
35,36,-0.87060614195247854,0.040000000000000001
35,38,-0.28000000000000003,0.059999999999999998
36,37,-0.86944337544920414,0.040000000000000001
36,39,-0.28000000000000003,0.029999999999999999
36,53,0.093397972954472663,0.090425763187244337
36,505,-0.006825160306007591,-0.010691730927080235
37,38,-0.86834410514559612,0.040000000000000001
37,40,-0.28000000000000003,0
37,344,0.0022671083441720974,0.047881519595731753
38,39,-0.86730932031072927,0.040000000000000001
38,41,-0.28000000000000003,-0.029999999999999999
38,247,0.064625082253129906,0.016275810918639243
38,662,0.052920319240620753,-0.017825064115785466
39,40,-0.86633995218110904,0.040000000000000001
39,42,-0.28000000000000003,-0.059999999999999998
39,91,0.048573444400004093,0.044300288637594179
40,41,-0.86543687312262185,0.040000000000000001
40,43,-0.28000000000000003,0.059999999999999998
40,57,0.12961557423053827,0.009990140984381753
41,42,-0.86460089584546418,0.040000000000000001
41,44,-0.28000000000000003,0.029999999999999999
42,43,-0.86383277267275871,0.040000000000000001
42,45,-0.28000000000000003,0
42,248,-0.016887934998788191,0.018172660814776136
43,44,-0.86313319486351414,0.040000000000000001
43,46,-0.28000000000000003,-0.029999999999999999
43,69,0.00027456733901376484,0.040486333965922661
44,45,-0.8625027919905387,0.040000000000000001
44,47,-0.28000000000000003,-0.059999999999999998
44,61,0.12050256529236515,0.048776344245538505
44,245,0.063304896198210225,-0.014007084956739413
45,46,-0.86194213137386722,0.040000000000000001
45,48,-0.28000000000000003,0.059999999999999998
46,47,-0.86145171757021122,0.040000000000000001
46,49,-0.28000000000000003,0.029999999999999999
46,355,-0.011335127150114532,-0.019881168619011139
46,445,0.02238904710186429,-0.028869482905586566
47,48,-0.8610319919188919,0.040000000000000001
47,50,-0.28000000000000003,0
47,76,0.051962846411247224,0.04310402319116062
48,49,-0.86068333214466497,0.040000000000000001
48,51,-0.28000000000000003,-0.029999999999999999
48,65,0.10007075399479344,0.0829809869482976
48,407,-0.0086953022556276044,0.045968232346120269
49,50,-0.86040605201779341,0.040000000000000001
49,52,-0.28000000000000003,-0.059999999999999998
50,51,-0.86020040107167561,0.040000000000000001
50,53,-0.28000000000000003,0.059999999999999998
51,52,-0.86006656437828188,0.040000000000000001
51,54,-0.28000000000000003,0.029999999999999999
52,53,-0.86000466238160267,0.040000000000000001
52,55,-0.28000000000000003,0
52,69,0.13,0
53,54,-0.86001475078925671,0.040000000000000001
53,56,-0.28000000000000003,-0.029999999999999999
54,55,-0.86009682052235803,0.040000000000000001
54,57,-0.28000000000000003,-0.059999999999999998
55,56,-0.8602507977236864,0.040000000000000001
55,58,-0.28000000000000003,0.059999999999999998
55,709,-0.065183429092279879,-0.035417947953202022
56,57,-0.86047654382415384,0.040000000000000001
56,59,-0.28000000000000003,0.029999999999999999
56,73,0.12389455194106543,0.039371817323088379
56,717,-0.020302471044411331,0.024700546179683397
57,58,-0.8607738556675073,0.040000000000000001
57,60,-0.28000000000000003,0
58,59,-0.86114246569315567,0.040000000000000001
58,61,-0.28000000000000003,-0.029999999999999999
58,154,0.042094774223231476,-0.047213009943135972
58,481,-0.029401055452586852,0.035690373687774328
59,60,-0.86158204217695633,0.040000000000000001
59,62,-0.28000000000000003,-0.059999999999999998
60,61,-0.86209218952974431,0.040000000000000001
60,63,-0.28000000000000003,0.059999999999999998
60,77,0.10615169231811321,0.07504544102076173
60,171,0.0025891329144272085,-0.041852025512434887
61,62,-0.86267244865333614,0.040000000000000001
61,64,-0.28000000000000003,0.029999999999999999
62,63,-0.86332229735368682,0.040000000000000001
62,65,-0.28000000000000003,0
62,179,-0.039107973679522762,-0.011289074227720443
63,64,-0.86404115081082955,0.040000000000000001
63,66,-0.28000000000000003,-0.029999999999999999
64,65,-0.864828362105174,0.040000000000000001
64,67,-0.28000000000000003,-0.059999999999999998
64,81,0.078438007405680299,0.10367004868440279
65,66,-0.86568322279969045,0.040000000000000001
65,68,-0.28000000000000003,0.059999999999999998
66,67,-0.8666049635774552,0.040000000000000001
66,69,-0.28000000000000003,0.029999999999999999
67,68,-0.86759275493398391,0.040000000000000001
67,70,-0.28000000000000003,0
67,327,0.022501050828870703,0.010641172991495015
68,69,-0.86864570792372953,0.040000000000000001
68,71,-0.28000000000000003,-0.029999999999999999
68,85,0.12655379615188786,0.029734435921106941
69,70,-0.86976287496007365,0.040000000000000001
69,72,-0.28000000000000003,-0.059999999999999998
69,341,-0.00035038628256539583,0.027579775924237562
70,71,-0.87094325066809009,0.040000000000000001
70,73,-0.28000000000000003,0.059999999999999998
71,72,-0.87218577278931431,0.040000000000000001
71,74,-0.28000000000000003,0.029999999999999999
71,599,-0.019209171460865683,-0.029057066318130667
72,73,-0.87348932313770533,0.040000000000000001
72,75,-0.28000000000000003,0
72,89,0.11160482377990905,0.066666058148471985
73,74,-0.87485272860593621,0.040000000000000001
73,76,-0.28000000000000003,-0.029999999999999999
74,75,-0.876274762221113,0.040000000000000001
74,77,-0.28000000000000003,-0.059999999999999998
74,563,0.024826905238229086,0.020223972585476813
75,76,-0.87775414424896625,0.040000000000000001
75,78,-0.28000000000000003,0.059999999999999998
76,77,-0.87928954334552623,0.040000000000000001
76,79,-0.28000000000000003,0.029999999999999999
76,93,0.086172813643087445,0.097335739524769219
77,78,-0.88087957775524228,0.040000000000000001
77,80,-0.28000000000000003,0
77,526,-0.036499146411252827,-0.013636723457177584
78,79,-0.88252281655446985,0.040000000000000001
78,81,-0.28000000000000003,-0.029999999999999999
78,268,0.0037570658511240362,0.034601826082532816
79,80,-0.88421778093920489,0.040000000000000001
79,82,-0.28000000000000003,-0.059999999999999998
79,350,-0.048726596605683195,0.026056257569386163
80,81,-0.88596294555590782,0.040000000000000001
80,83,-0.28000000000000003,0.059999999999999998
80,97,0.12846457050941809,0.019921197851302704
81,82,-0.88775673987421877,0.040000000000000001
81,84,-0.28000000000000003,0.029999999999999999
82,83,-0.88959754960032855,0.040000000000000001
82,85,-0.28000000000000003,0
83,84,-0.8914837181297347,0.040000000000000001
83,86,-0.28000000000000003,-0.029999999999999999
83,487,0.010330177385570183,-0.025722799317522818
84,85,-0.89341354803807338,0.040000000000000001
84,87,-0.28000000000000003,-0.059999999999999998
84,101,0.11639789723774747,0.057892396034632913
84,409,0.056065595113908323,0.014954983894415588
85,86,-0.89538530260868654,0.040000000000000001
85,88,-0.28000000000000003,0.059999999999999998
86,87,-0.89739720739555029,0.040000000000000001
86,89,-0.28000000000000003,0.029999999999999999
87,88,-0.89944745182015562,0.040000000000000001
87,90,-0.28000000000000003,0
87,388,-0.055127124401532779,-0.011437721882559107
88,89,-0.90153419080090802,0.040000000000000001
88,91,-0.28000000000000003,-0.029999999999999999
88,105,0.093397972954472663,0.090425763187244337
88,255,0.0072936968002240837,-0.028300998691122847
88,489,-0.0077560349416633603,-0.045965606067027612
89,90,-0.90365554641357537,0.040000000000000001
89,92,-0.28000000000000003,-0.059999999999999998
89,114,-0.048956794263134248,-0.03662386345802561
89,140,0.063626919141597016,0.019376401024353312
89,280,-0.042128512982545913,0.048141217536215766
89,526,-0.012346206203348094,-0.0417528363795793
90,91,-0.90580960958129353,0.040000000000000001
90,93,-0.28000000000000003,0.059999999999999998
90,448,-0.063054101972931986,0.0098102293047008099
91,92,-0.90799444179260635,0.040000000000000001
91,94,-0.28000000000000003,0.029999999999999999
91,236,0.062921641817066609,0.0023543649065286484
92,93,-0.91020807684599547,0.040000000000000001
92,95,-0.28000000000000003,0
92,109,0.12961557423053827,0.009990140984381753
92,675,0.054438946044018097,-0.0050234617469951393
93,94,-0.91244852261932874,0.040000000000000001
93,96,-0.28000000000000003,-0.029999999999999999
93,179,-0.015873606854900559,-0.037833938162364994
94,95,-0.91471376286263562,0.040000000000000001
94,97,-0.28000000000000003,-0.059999999999999998
95,96,-0.9170017590125964,0.040000000000000001
95,98,-0.28000000000000003,0.059999999999999998
95,260,0.016713162465413572,-0.0073560313476617178
96,97,-0.91931045202711104,0.040000000000000001
96,99,-0.28000000000000003,0.029999999999999999
96,113,0.12050256529236515,0.048776344245538505
96,331,-0.049321168657834084,0.0011812894291405307
97,98,-0.9216377642382988,0.040000000000000001
97,100,-0.28000000000000003,0
98,99,-0.92398160122225825,0.040000000000000001
98,101,-0.28000000000000003,-0.029999999999999999
99,100,-0.92633985368390825,0.040000000000000001
99,102,-0.28000000000000003,-0.059999999999999998
99,244,0.038316723468053454,0.043958885323528513
99,660,-0.045495962684103122,0.041307638538152266
100,101,-0.9287103993552106,0.040000000000000001
100,103,-0.28000000000000003,0.059999999999999998
100,117,0.10007075399479344,0.0829809869482976
100,495,0.0073815321124965222,-0.024956263311583043
100,651,-0.020479992973656935,-0.0074423469774451551
101,102,-0.93109110490506797,0.040000000000000001
101,104,-0.28000000000000003,0.029999999999999999
102,103,-0.93347982785917838,0.040000000000000001
102,105,-0.28000000000000003,0
103,104,-0.93587441852811715,0.040000000000000001
103,106,-0.28000000000000003,-0.029999999999999999
103,388,0.060979329141618438,0.029917306356274917
104,105,-0.93827272194191225,0.040000000000000001
104,107,-0.28000000000000003,-0.059999999999999998
104,121,0.13,0
104,501,-0.01293157032112191,-0.014396581236918352
104,549,0.038964002248464566,-0.049290353080985318
105,106,-0.9406725797893718,0.040000000000000001
105,108,-0.28000000000000003,0.059999999999999998
105,468,-0.058141692297214075,-0.027862325002009226
106,107,-0.94307183236041869,0.040000000000000001
106,109,-0.28000000000000003,0.029999999999999999
106,445,-0.033071119966448695,0.01841519499709867
107,108,-0.94546832048968377,0.040000000000000001
107,110,-0.28000000000000003,0
108,109,-0.94785988749960859,0.040000000000000001
108,111,-0.28000000000000003,-0.029999999999999999
108,125,0.12389455194106543,0.039371817323088379
108,423,-0.064464784746108034,-0.040757329438182596
108,519,-0.014594725096264499,0.022552285554188835
109,110,-0.95024438114131027,0.040000000000000001
109,112,-0.28000000000000003,-0.059999999999999998
109,727,0.013755605790394379,-0.034113792005705273
110,111,-0.95261965553145977,0.040000000000000001
110,113,-0.28000000000000003,0.059999999999999998
110,393,-0.053142264626320289,0.016752516786936691
111,112,-0.95498357308343218,0.040000000000000001
111,114,-0.28000000000000003,0.029999999999999999
111,529,0.0086476718066970798,0.024253171805739979
112,113,-0.95733400643099031,0.040000000000000001
112,115,-0.28000000000000003,0
112,129,0.10615169231811321,0.07504544102076173
112,170,-0.011301224529874719,0.00014891973565348687
112,407,-0.0054500366641131864,0.030644759248377201
113,114,-0.95966884034277089,0.040000000000000001
113,116,-0.28000000000000003,-0.029999999999999999
114,115,-0.96198597362584992,0.040000000000000001
114,117,-0.28000000000000003,-0.059999999999999998
114,136,-0.036499528849266133,0.030303629514999875
114,258,-0.068110224029925601,0.038629556040702326
115,116,-0.96428332101667424,0.040000000000000001
115,118,-0.28000000000000003,0.059999999999999998
115,540,-0.0045077555242867412,-0.045696941828126662
116,117,-0.96655881505765873,0.040000000000000001
116,119,-0.28000000000000003,0.029999999999999999
116,133,0.078438007405680299,0.10367004868440279
116,327,-0.063717429592903857,0.032591132357350186
117,118,-0.96881040795775741,0.040000000000000001
117,120,-0.28000000000000003,0
117,488,0.045664280936355717,-0.047413849545880779
117,722,0.029471289622952881,-0.026427701782943614
118,119,-0.97103607343533838,0.040000000000000001
118,121,-0.28000000000000003,-0.029999999999999999
118,600,-0.063611708108721354,-0.030740940598549583
119,120,-0.97323380854169961,0.040000000000000001
119,122,-0.28000000000000003,-0.059999999999999998
120,121,-0.97540163546358816,0.040000000000000001
120,123,-0.28000000000000003,0.059999999999999998
120,137,0.12655379615188786,0.029734435921106941
121,122,-0.97753760330309813,0.040000000000000001
121,124,-0.28000000000000003,0.029999999999999999
121,746,0.038957895033916154,-0.024319524363880796
122,123,-0.97963978983334754,0.040000000000000001
122,125,-0.28000000000000003,0
122,482,-0.0029734022140992244,-0.021029996240972806
123,124,-0.98170630322835251,0.040000000000000001
123,126,-0.28000000000000003,-0.029999999999999999
124,125,-0.98373528376554287,0.040000000000000001
124,127,-0.28000000000000003,-0.059999999999999998
124,141,0.11160482377990905,0.066666058148471985
125,126,-0.9857249054993874,0.040000000000000001
125,128,-0.28000000000000003,0.059999999999999998
126,127,-0.98767337790462106,0.040000000000000001
126,129,-0.28000000000000003,0.029999999999999999
127,128,-0.989578947487597,0.040000000000000001
127,130,-0.28000000000000003,0
128,129,-0.99143989936431265,0.040000000000000001
128,131,-0.28000000000000003,-0.029999999999999999
128,145,0.086172813643087445,0.097335739524769219
129,130,-0.9932545588036894,0.040000000000000001
129,132,-0.28000000000000003,-0.059999999999999998
130,131,-0.99502129273471784,0.040000000000000001
130,133,-0.28000000000000003,0.059999999999999998
131,132,-0.99673851121611079,0.040000000000000001
131,134,-0.28000000000000003,0.029999999999999999
132,133,-0.99840466886714396,0.040000000000000001
132,135,-0.28000000000000003,0
132,149,0.12846457050941809,0.019921197851302704
132,593,0.053715899524624841,-0.011596941476157897
132,682,-0.066854291774481586,0.014626807599641717
133,134,-1.0000182662583934,0.040000000000000001
133,136,-0.28000000000000003,-0.029999999999999999
134,135,-1.0015778512611218,0.040000000000000001
134,137,-0.28000000000000003,-0.059999999999999998
134,161,0.036660602087867478,0.0069707815191362571
135,136,-1.0030820203540955,0.040000000000000001
135,138,-0.28000000000000003,0.059999999999999998
135,527,0.052908586398254603,0.022869169401434675
135,561,-0.019166849984664586,0.0072285803305433688
136,137,-1.0045294198866592,0.040000000000000001
136,139,-0.28000000000000003,0.029999999999999999
136,153,0.11639789723774747,0.057892396034632913
136,650,0.012375059507478373,0.023454979905230745
136,741,0.0066141277277838584,0.03491425778413737
137,138,-1.00591874729693,0.040000000000000001
137,140,-0.28000000000000003,0
138,139,-1.0072487522840154,0.040000000000000001
138,141,-0.28000000000000003,-0.029999999999999999
139,140,-1.0085182379332001,0.040000000000000001
139,142,-0.28000000000000003,-0.059999999999999998
139,632,0.064690652746153099,-0.018269873154106331
140,141,-1.009726061793087,0.040000000000000001
140,143,-0.28000000000000003,0.059999999999999998
140,157,0.093397972954472663,0.090425763187244337
141,142,-1.0108711369037282,0.040000000000000001
141,144,-0.28000000000000003,0.029999999999999999
141,516,-0.0063352645181489337,-0.036250111154851467
142,143,-1.0119524327748142,0.040000000000000001
142,145,-0.28000000000000003,0
143,144,-1.0129689763130463,0.040000000000000001
143,146,-0.28000000000000003,-0.029999999999999999
143,568,0.012296031962913054,-0.046702120541038825
144,145,-1.013919852697855,0.040000000000000001
144,147,-0.28000000000000003,-0.059999999999999998
144,161,0.12961557423053827,0.009990140984381753
145,146,-1.0148042062046758,0.040000000000000001
145,148,-0.28000000000000003,0.059999999999999998
146,147,-1.0156212409750449,0.040000000000000001
146,149,-0.28000000000000003,0.029999999999999999
147,148,-1.0163702217328172,0.040000000000000001
147,150,-0.28000000000000003,0
147,486,0.060640997029691557,0.023141311380351345
148,149,-1.0170504744458653,0.040000000000000001
148,151,-0.28000000000000003,-0.029999999999999999
148,165,0.12050256529236515,0.048776344245538505
148,284,0.026298973991561614,-0.042101515065066084
148,567,0.00025853727742883303,0.00014242123784837663
149,150,-1.0176613869326629,0.040000000000000001
149,152,-0.28000000000000003,-0.059999999999999998
150,151,-1.0182024094132076,0.040000000000000001
150,153,-0.28000000000000003,0.059999999999999998
151,152,-1.0186730550037848,0.040000000000000001
151,154,-0.28000000000000003,0.029999999999999999
151,390,0.050806526156200585,0.026037920864741895
151,551,-0.025326301622063126,-0.020713537669241867
152,153,-1.0190729001551304,0.040000000000000001
152,155,-0.28000000000000003,0
152,169,0.10007075399479344,0.0829809869482976
152,614,-0.064629457633314014,0.025917923392270992
153,154,-1.0194015850335969,0.040000000000000001
153,156,-0.28000000000000003,-0.029999999999999999
153,644,0.0062161148886857587,-0.015578043079098894
154,155,-1.0196588138449796,0.040000000000000001
154,157,-0.28000000000000003,-0.059999999999999998
155,156,-1.0198443551007104,0.040000000000000001
155,158,-0.28000000000000003,0.059999999999999998
156,157,-1.0199580418261827,0.040000000000000001
156,159,-0.28000000000000003,0.029999999999999999
156,173,0.13,0
157,158,-1.0199997717110174,0.040000000000000001
157,160,-0.28000000000000003,0
158,159,-1.0199695072011348,0.040000000000000001
158,161,-0.28000000000000003,-0.029999999999999999
159,160,-1.0198672755325509,0.040000000000000001
159,162,-0.28000000000000003,-0.059999999999999998
160,161,-1.0196931687068671,0.040000000000000001
160,163,-0.28000000000000003,0.059999999999999998
160,177,0.12389455194106543,0.039371817323088379
161,162,-1.0194473434084748,0.040000000000000001
161,164,-0.28000000000000003,0.029999999999999999
161,365,-0.051485040419408989,0.019797561383454579
162,163,-1.0191300208635496,0.040000000000000001
162,165,-0.28000000000000003,0
163,164,-1.0187414866409632,0.040000000000000001
163,166,-0.28000000000000003,-0.029999999999999999
163,599,-0.020331690070218483,-0.030895097016895346
163,662,0.025799136902940875,-0.0023445453954561435
164,165,-1.0182820903952909,0.040000000000000001
164,167,-0.28000000000000003,-0.059999999999999998
164,181,0.10615169231811321,0.07504544102076173
165,166,-1.0177522455521455,0.040000000000000001
165,168,-0.28000000000000003,0.059999999999999998
166,167,-1.0171524289361225,0.040000000000000001
166,169,-0.28000000000000003,0.029999999999999999
167,168,-1.0164831803416894,0.040000000000000001
167,170,-0.28000000000000003,0
167,278,0.057160076103065838,0.035589949069583939
168,169,-1.0157451020474086,0.040000000000000001
168,171,-0.28000000000000003,-0.029999999999999999
168,185,0.078438007405680299,0.10367004868440279
169,170,-1.0149388582739263,0.040000000000000001
169,172,-0.28000000000000003,-0.059999999999999998
170,171,-1.0140651745862186,0.040000000000000001
170,173,-0.28000000000000003,0.059999999999999998
171,172,-1.0131248372406325,0.040000000000000001
171,174,-0.28000000000000003,0.029999999999999999
171,654,0.037014634241758923,0.048187821517338886
172,173,-1.0121186924773082,0.040000000000000001
172,175,-0.28000000000000003,0
172,189,0.12655379615188786,0.029734435921106941
173,174,-1.0110476457586204,0.040000000000000001
173,176,-0.28000000000000003,-0.029999999999999999
174,175,-1.0099126609543216,0.040000000000000001
174,177,-0.28000000000000003,-0.059999999999999998
175,176,-1.0087147594741273,0.040000000000000001
175,178,-0.28000000000000003,0.059999999999999998
176,177,-1.0074550193485132,0.040000000000000001
176,179,-0.28000000000000003,0.029999999999999999
176,193,0.11160482377990905,0.066666058148471985
177,178,-1.0061345742585628,0.040000000000000001
177,180,-0.28000000000000003,0
178,179,-1.0047546125157294,0.040000000000000001
178,181,-0.28000000000000003,-0.029999999999999999
179,180,-1.0033163759924373,0.040000000000000001
179,182,-0.28000000000000003,-0.059999999999999998
179,643,-0.0037217283647667382,-0.043303056830683098
180,181,-1.001821159004479,0.040000000000000001
180,183,-0.28000000000000003,0.059999999999999998
180,197,0.086172813643087445,0.097335739524769219
180,627,-0.059088516922227934,-0.016334578352247747
181,182,-1.0002703071462196,0.040000000000000001
181,184,-0.28000000000000003,0.029999999999999999
181,499,-0.048282785209207812,-0.038625700163288569
182,183,-0.99866521607965242,0.040000000000000001
182,185,-0.28000000000000003,0
183,184,-0.99700733027839683,0.040000000000000001
183,186,-0.28000000000000003,-0.029999999999999999
184,185,-0.99529814172777009,0.040000000000000001
184,187,-0.28000000000000003,-0.059999999999999998
184,201,0.12846457050941809,0.019921197851302704
184,540,0.043016634252820943,0.030443809620962103
185,186,-0.99353918858210089,0.040000000000000001
185,188,-0.28000000000000003,0.059999999999999998
186,187,-0.99173205378049467,0.040000000000000001
186,189,-0.28000000000000003,0.029999999999999999
187,188,-0.98987836362229487,0.040000000000000001
187,190,-0.28000000000000003,0
188,189,-0.98797978630352346,0.040000000000000001
188,191,-0.28000000000000003,-0.029999999999999999
188,205,0.11639789723774747,0.057892396034632913
189,190,-0.98603803041561733,0.040000000000000001
189,192,-0.28000000000000003,-0.059999999999999998
190,191,-0.98405484340781091,0.040000000000000001
190,193,-0.28000000000000003,0.059999999999999998
190,248,-0.06256261793437054,-0.043615475162793835
191,192,-0.98203201001455032,0.040000000000000001
191,194,-0.28000000000000003,0.029999999999999999
192,193,-0.97997135064935215,0.040000000000000001
192,195,-0.28000000000000003,0
192,209,0.093397972954472663,0.090425763187244337
193,194,-0.97787471976655471,0.040000000000000001
193,196,-0.28000000000000003,-0.029999999999999999
193,764,-0.032900038109938287,0.040331363386394536
194,195,-0.97574400419243446,0.040000000000000001
194,197,-0.28000000000000003,-0.059999999999999998
194,534,-0.048602589905261451,-0.033893087169358405
195,196,-0.97358112142718878,0.040000000000000001
195,198,-0.28000000000000003,0.059999999999999998
196,197,-0.97138801791931628,0.040000000000000001
196,199,-0.28000000000000003,0.029999999999999999
196,213,0.12961557423053827,0.009990140984381753
196,266,0.025938975629449024,0.010816499249108699
197,198,-0.96916666731394407,0.040000000000000001
197,200,-0.28000000000000003,0
198,199,-0.96691906867668032,0.040000000000000001
198,201,-0.28000000000000003,-0.029999999999999999
198,254,0.024634937677549817,-0.04649241792717998
199,200,-0.96464724469459018,0.040000000000000001
199,202,-0.28000000000000003,-0.059999999999999998
199,701,-0.031581421076768666,-0.0058974858108211542
200,201,-0.96235323985591403,0.040000000000000001
200,203,-0.28000000000000003,0.059999999999999998
200,217,0.12050256529236515,0.048776344245538505
200,374,-0.0079685251689872588,-0.024512417300568259
201,202,-0.960039118610166,0.040000000000000001
201,204,-0.28000000000000003,0.029999999999999999
202,203,-0.95770696351026874,0.040000000000000001
202,205,-0.28000000000000003,0
202,349,0.0024046343519382729,0.018767452497021692
202,505,-0.06269977118677604,0.049813372625815866
203,204,-0.95535887333839631,0.040000000000000001
203,206,-0.28000000000000003,-0.029999999999999999
204,205,-0.95299696121721233,0.040000000000000001
204,207,-0.28000000000000003,-0.059999999999999998
204,221,0.10007075399479344,0.0829809869482976
205,206,-0.95062335270820131,0.040000000000000001
205,208,-0.28000000000000003,0.059999999999999998
205,702,-0.049047258850679808,0.044465468110806247
206,207,-0.94824018389880782,0.040000000000000001
206,209,-0.28000000000000003,0.029999999999999999
207,208,-0.94584959948010094,0.040000000000000001
207,210,-0.28000000000000003,0
208,209,-0.94345375081669824,0.040000000000000001
208,211,-0.28000000000000003,-0.029999999999999999
208,225,0.13,0
209,210,-0.94105479401068171,0.040000000000000001
209,212,-0.28000000000000003,-0.059999999999999998
210,211,-0.93865488796125196,0.040000000000000001
210,213,-0.28000000000000003,0.059999999999999998
211,212,-0.93625619242186475,0.040000000000000001
211,214,-0.28000000000000003,0.029999999999999999
211,685,0.026419699130839733,0.016028549452143603
212,213,-0.93386086605659846,0.040000000000000001
212,215,-0.28000000000000003,0
212,229,0.12389455194106543,0.039371817323088379
213,214,-0.93147106449750217,0.040000000000000001
213,216,-0.28000000000000003,-0.029999999999999999
214,215,-0.9290889384046721,0.040000000000000001
214,217,-0.28000000000000003,-0.059999999999999998
214,346,-0.037430733456542922,-0.0016803370853103461
214,391,-0.062784929850469906,-0.042729819353186239
215,216,-0.92671663153080341,0.040000000000000001
215,218,-0.28000000000000003,0.059999999999999998
215,425,-0.039587603859012326,-0.028226246053309548
215,617,0.03092566726352268,-0.019059465052400998
216,217,-0.92435627879195648,0.040000000000000001
216,219,-0.28000000000000003,0.029999999999999999
216,233,0.10615169231811321,0.07504544102076173
217,218,-0.92201000434627722,0.040000000000000001
217,220,-0.28000000000000003,0
217,247,0.0081784290313827862,-0.0189051634575267
218,219,-0.91967991968239815,0.040000000000000001
218,221,-0.28000000000000003,-0.029999999999999999
218,289,-0.047085765092374679,0.037054941996169058
218,364,-0.06727084952238932,-0.03758842673574412
218,391,-0.065754263758958778,-0.013175634072835826
218,502,-0.04870705647961493,0.044847418329026584
219,220,-0.91736812171924054,0.040000000000000001
219,222,-0.28000000000000003,-0.059999999999999998
219,767,0.060231050252512602,0.028562245243346465
220,221,-0.91507669091892974,0.040000000000000001
220,223,-0.28000000000000003,0.059999999999999998
220,237,0.078438007405680299,0.10367004868440279
221,222,-0.91280768941451895,0.040000000000000001
221,224,-0.28000000000000003,0.029999999999999999
222,223,-0.91056315915420916,0.040000000000000001
222,225,-0.28000000000000003,0
223,224,-0.90834512006373358,0.040000000000000001
223,226,-0.28000000000000003,-0.029999999999999999
224,225,-0.90615556822856025,0.040000000000000001
224,227,-0.28000000000000003,-0.059999999999999998
224,241,0.12655379615188786,0.029734435921106941
224,748,-0.068434958812829821,-0.036250181666406672
225,226,-0.90399647409755057,0.040000000000000001
225,228,-0.28000000000000003,0.059999999999999998
225,406,-0.067793206679839957,0.0099739454565235808
225,483,-0.043777317461216721,0.020561722787570624
226,227,-0.90186978070968804,0.040000000000000001
226,229,-0.28000000000000003,0.029999999999999999
226,602,-0.066514614440324082,-0.0094482814735437279
227,228,-0.89977740194547418,0.040000000000000001
227,230,-0.28000000000000003,0
228,229,-0.89772122080456551,0.040000000000000001
228,231,-0.28000000000000003,-0.029999999999999999
228,245,0.11160482377990905,0.066666058148471985
229,230,-0.89570308771120066,0.040000000000000001
229,232,-0.28000000000000003,-0.059999999999999998
230,231,-0.89372481884894395,0.040000000000000001
230,233,-0.28000000000000003,0.059999999999999998
231,232,-0.89178819452624214,0.040000000000000001
231,234,-0.28000000000000003,0.029999999999999999
231,436,-0.0052051382276639413,-0.0082773341421249272
231,690,0.005241515541645772,-0.019011670234032309
232,233,-0.88989495757426751,0.040000000000000001
232,235,-0.28000000000000003,0
232,249,0.086172813643087445,0.097335739524769219
233,234,-0.8880468117784871,0.040000000000000001
233,236,-0.28000000000000003,-0.029999999999999999
234,235,-0.88624542034537102,0.040000000000000001
234,237,-0.28000000000000003,-0.059999999999999998
235,236,-0.88449240440561883,0.040000000000000001
235,238,-0.28000000000000003,0.059999999999999998
236,237,-0.88278934155525135,0.040000000000000001
236,239,-0.28000000000000003,0.029999999999999999
236,253,0.12846457050941809,0.019921197851302704
237,238,-0.88113776443588054,0.040000000000000001
237,240,-0.28000000000000003,0
238,239,-0.8795391593554357,0.040000000000000001
238,241,-0.28000000000000003,-0.029999999999999999
239,240,-0.8779949649505866,0.040000000000000001
239,242,-0.28000000000000003,-0.059999999999999998
240,241,-0.87650657089206774,0.040000000000000001
240,243,-0.28000000000000003,0.059999999999999998
240,257,0.11639789723774747,0.057892396034632913
241,242,-0.87507531663406812,0.040000000000000001
241,244,-0.28000000000000003,0.029999999999999999
242,243,-0.87370249020881308,0.040000000000000001
242,245,-0.28000000000000003,0
243,244,-0.87238932706742256,0.040000000000000001
243,246,-0.28000000000000003,-0.029999999999999999
244,245,-0.87113700896808788,0.040000000000000001
244,247,-0.28000000000000003,-0.059999999999999998
244,261,0.093397972954472663,0.090425763187244337
245,246,-0.86994666291256939,0.040000000000000001
245,248,-0.28000000000000003,0.059999999999999998
245,742,-0.016707221579375972,-0.035397368508445118
246,247,-0.86881936013197114,0.040000000000000001
246,249,-0.28000000000000003,0.029999999999999999
246,488,-0.0021997448612673387,-0.0019767236536021304
247,248,-0.86775611512270512,0.040000000000000001
247,250,-0.28000000000000003,0
248,249,-0.86675788473351278,0.040000000000000001
248,251,-0.28000000000000003,-0.029999999999999999
248,265,0.12961557423053827,0.009990140984381753
248,582,-0.064890776441516446,0.019497152588065308
249,250,-0.86582556730436577,0.040000000000000001
249,252,-0.28000000000000003,-0.059999999999999998
250,251,-0.8649600018580208,0.040000000000000001
250,253,-0.28000000000000003,0.059999999999999998
251,252,-0.86416196734495576,0.040000000000000001
251,254,-0.28000000000000003,0.029999999999999999
252,253,-0.86343218194236659,0.040000000000000001
252,255,-0.28000000000000003,0
252,269,0.12050256529236515,0.048776344245538505
252,545,-0.06965656826887949,-0.032724664128678735
252,643,0.010417460603356909,-0.0018903002138317415
253,254,-0.8627713024078566,0.040000000000000001
253,256,-0.28000000000000003,-0.029999999999999999
253,304,0.06391370213596323,-0.036095485338724559
253,608,-0.028897242309853501,-0.021649399329284752
254,255,-0.86217992348839889,0.040000000000000001
254,257,-0.28000000000000003,-0.059999999999999998
254,331,0.057915984839822299,0.0068147130919172447
255,256,-0.86165857738510399,0.040000000000000001
255,258,-0.28000000000000003,0.059999999999999998
255,495,-0.040934684879059637,-0.0036391088946559763
256,257,-0.86120773327427513,0.040000000000000001
256,259,-0.28000000000000003,0.029999999999999999
256,273,0.10007075399479344,0.0829809869482976
257,258,-0.86082779688518096,0.040000000000000001
257,260,-0.28000000000000003,0
257,310,0.055524083261479062,0.040708362017296287
258,259,-0.86051911013492666,0.040000000000000001
258,261,-0.28000000000000003,-0.029999999999999999
259,260,-0.86028195082075187,0.040000000000000001
259,262,-0.28000000000000003,-0.059999999999999998
260,261,-0.86011653237003149,0.040000000000000001
260,263,-0.28000000000000003,0.059999999999999998
260,277,0.13,0
260,485,0.027356353962368754,0.031975483904287422
261,262,-0.86002300364820583,0.040000000000000001
261,264,-0.28000000000000003,0.029999999999999999
262,263,-0.86000144882481155,0.040000000000000001
262,265,-0.28000000000000003,0
262,612,0.01572801883031491,-0.038016206568074168
262,654,0.053365140090157553,0.02147215626764272
262,663,0.060976301241421088,-0.043615518881557652
263,264,-0.86005188729773463,0.040000000000000001
263,266,-0.28000000000000003,-0.029999999999999999
264,265,-0.86017427367575405,0.040000000000000001
264,267,-0.28000000000000003,-0.059999999999999998
264,281,0.12389455194106543,0.039371817323088379
264,681,-0.066317188853628389,-0.045948302130612545
265,266,-0.8603684978193904,0.040000000000000001
265,268,-0.28000000000000003,0.059999999999999998
266,267,-0.86063438494002409,0.040000000000000001
266,269,-0.28000000000000003,0.029999999999999999
267,268,-0.86097169575719357,0.040000000000000001
267,270,-0.28000000000000003,0
267,314,-0.0072179684555695456,0.047056381088795035
268,269,-0.86138012671393094,0.040000000000000001
268,271,-0.28000000000000003,-0.029999999999999999
268,285,0.10615169231811321,0.07504544102076173
268,468,-0.025086431532437829,-0.017957662045702497
269,270,-0.86185931024994367,0.040000000000000001
269,272,-0.28000000000000003,-0.059999999999999998
270,271,-0.86240881513239298,0.040000000000000001
270,273,-0.28000000000000003,0.059999999999999998
270,462,-0.027823157930515735,0.037775388732506687
271,272,-0.86302814684397544,0.040000000000000001
271,274,-0.28000000000000003,0.029999999999999999
272,273,-0.86371674802795395,0.040000000000000001
272,275,-0.28000000000000003,0
272,289,0.078438007405680299,0.10367004868440279
272,726,-0.0137457045884401,0.020352144441309283
273,274,-0.86447399898974231,0.040000000000000001
273,276,-0.28000000000000003,-0.029999999999999999
274,275,-0.86529921825458778,0.040000000000000001
274,277,-0.28000000000000003,-0.059999999999999998
275,276,-0.86619166318085272,0.040000000000000001
275,278,-0.28000000000000003,0.059999999999999998
276,277,-0.86715053062834146,0.040000000000000001
276,279,-0.28000000000000003,0.029999999999999999
276,293,0.12655379615188786,0.029734435921106941
277,278,-0.86817495768107322,0.040000000000000001
277,280,-0.28000000000000003,0
278,279,-0.86926402242384693,0.040000000000000001
278,281,-0.28000000000000003,-0.029999999999999999
279,280,-0.87041674477190401,0.040000000000000001
279,282,-0.28000000000000003,-0.059999999999999998
279,619,0.017871535264954941,0.044414451490324094
280,281,-0.87163208735293751,0.040000000000000001
280,283,-0.28000000000000003,0.059999999999999998
280,297,0.11160482377990905,0.066666058148471985
281,282,-0.87290895644065769,0.040000000000000001
281,284,-0.28000000000000003,0.029999999999999999
282,283,-0.87424620293907163,0.040000000000000001
282,285,-0.28000000000000003,0
283,284,-0.87564262341659249,0.040000000000000001
283,286,-0.28000000000000003,-0.029999999999999999
284,285,-0.87709696118904557,0.040000000000000001
284,287,-0.28000000000000003,-0.059999999999999998
284,301,0.086172813643087445,0.097335739524769219
284,725,0.037347571706265945,0.012220802261009502
285,286,-0.87860790745060091,0.040000000000000001
285,288,-0.28000000000000003,0.059999999999999998
285,464,-0.061537599996578568,0.028953808550677054
286,287,-0.88017410245160876,0.040000000000000001
286,289,-0.28000000000000003,0.029999999999999999
286,487,0.057087407139095325,-0.0063961565013615079
287,288,-0.88179413672228313,0.040000000000000001
287,290,-0.28000000000000003,0
288,289,-0.8834665523411297,0.040000000000000001
288,291,-0.28000000000000003,-0.029999999999999999
288,305,0.12846457050941809,0.019921197851302704
289,290,-0.88518984424697589,0.040000000000000001
289,292,-0.28000000000000003,-0.059999999999999998
290,291,-0.88696246159342529,0.040000000000000001
290,293,-0.28000000000000003,0.059999999999999998
290,444,-0.046850171976990415,0.02605799051781026
290,542,0.0073050727731137216,0.0066595204075001399
291,292,-0.88878280914451424,0.040000000000000001
291,294,-0.28000000000000003,0.029999999999999999
291,410,0.062731070350455137,-0.035090844628862181
292,293,-0.89064924871031637,0.040000000000000001
292,295,-0.28000000000000003,0
292,309,0.11639789723774747,0.057892396034632913
293,294,-0.89256010062120339,0.040000000000000001
293,296,-0.28000000000000003,-0.029999999999999999
293,627,0.00089745383098036036,-1.7915896843120893e-05
293,677,0.04157545218547129,0.00705256493177564
294,295,-0.89451364523943433,0.040000000000000001
294,297,-0.28000000000000003,-0.059999999999999998
295,296,-0.89650812450671291,0.040000000000000001
295,298,-0.28000000000000003,0.059999999999999998
295,450,0.062320379660284864,-0.039902886589724622
295,647,-0.021288936142007109,-0.012217731605328873
296,297,-0.89854174352632177,0.040000000000000001
296,299,-0.28000000000000003,0.029999999999999999
296,313,0.093397972954472663,0.090425763187244337
297,298,-0.90061267217840879,0.040000000000000001
297,300,-0.28000000000000003,0
297,671,0.055110376173726133,-0.013057596817397182
298,299,-0.90271904676697023,0.040000000000000001
298,301,-0.28000000000000003,-0.029999999999999999
298,514,0.023226184541824804,0.016155236950247787
299,300,-0.90485897169705254,0.040000000000000001
299,302,-0.28000000000000003,-0.059999999999999998
300,301,-0.90703052118065941,0.040000000000000001
300,303,-0.28000000000000003,0.059999999999999998
300,317,0.12961557423053827,0.009990140984381753
301,302,-0.9092317409698305,0.040000000000000001
301,304,-0.28000000000000003,0.029999999999999999
302,303,-0.91146065011533361,0.040000000000000001
302,305,-0.28000000000000003,0
303,304,-0.91371524274938454,0.040000000000000001
303,306,-0.28000000000000003,-0.029999999999999999
304,305,-0.9159934898907931,0.040000000000000001
304,307,-0.28000000000000003,-0.059999999999999998
304,321,0.12050256529236515,0.048776344245538505
305,306,-0.91829334127090934,0.040000000000000001
305,308,-0.28000000000000003,0.059999999999999998
305,364,0.050927073545397716,-0.041056053082274196
306,307,-0.920612727178726,0.040000000000000001
306,309,-0.28000000000000003,0.029999999999999999
306,462,0.010780345000444058,0.0066058178836343462
307,308,-0.9229495603234803,0.040000000000000001
307,310,-0.28000000000000003,0
307,719,0.04361986841825255,0.034290851448450996
308,309,-0.92530173771307334,0.040000000000000001
308,311,-0.28000000000000003,-0.029999999999999999
308,325,0.10007075399479344,0.0829809869482976
309,310,-0.92766714254662153,0.040000000000000001
309,312,-0.28000000000000003,-0.059999999999999998
310,311,-0.93004364611943491,0.040000000000000001
310,313,-0.28000000000000003,0.059999999999999998
310,586,-0.041735391865832847,-0.027617767028090254
311,312,-0.93242910973870718,0.040000000000000001
311,314,-0.28000000000000003,0.029999999999999999
312,313,-0.9348213866481947,0.040000000000000001
312,315,-0.28000000000000003,0
312,329,0.13,0
312,370,0.019626757517141033,0.015207507952979676
312,605,-0.055099498817996188,-0.0083472111971268151
313,314,-0.93721832396015292,0.040000000000000001
313,316,-0.28000000000000003,-0.029999999999999999
314,315,-0.93961776459278967,0.040000000000000001
314,317,-0.28000000000000003,-0.059999999999999998
315,316,-0.94201754921149261,0.040000000000000001
315,318,-0.28000000000000003,0.059999999999999998
315,595,-0.0010802499901631513,0.00063295479376714037
316,317,-0.94441551817208591,0.040000000000000001
316,319,-0.28000000000000003,0.029999999999999999
316,333,0.12389455194106543,0.039371817323088379
317,318,-0.94680951346436271,0.040000000000000001
317,320,-0.28000000000000003,0
318,319,-0.94919738065414994,0.040000000000000001
318,321,-0.28000000000000003,-0.029999999999999999
319,320,-0.95157697082215309,0.040000000000000001
319,322,-0.28000000000000003,-0.059999999999999998
320,321,-0.95394614249783827,0.040000000000000001
320,323,-0.28000000000000003,0.059999999999999998
320,337,0.10615169231811321,0.07504544102076173
321,322,-0.95630276358661181,0.040000000000000001
321,324,-0.28000000000000003,0.029999999999999999
321,393,-0.028896491237318238,-0.020634086942057518
322,323,-0.95864471328856105,0.040000000000000001
322,325,-0.28000000000000003,0
323,324,-0.96096988400703087,0.040000000000000001
323,326,-0.28000000000000003,-0.029999999999999999
324,325,-0.96327618324531905,0.040000000000000001
324,327,-0.28000000000000003,-0.059999999999999998
324,341,0.078438007405680299,0.10367004868440279
325,326,-0.96556153548978185,0.040000000000000001
325,328,-0.28000000000000003,0.059999999999999998
326,327,-0.96782388407765552,0.040000000000000001
326,329,-0.28000000000000003,0.029999999999999999
327,328,-0.97006119304791538,0.040000000000000001
327,330,-0.28000000000000003,0
328,329,-0.97227144897350148,0.040000000000000001
328,331,-0.28000000000000003,-0.029999999999999999
328,345,0.12655379615188786,0.029734435921106941
329,330,-0.97445266277326903,0.040000000000000001
329,332,-0.28000000000000003,-0.059999999999999998
329,390,0.022408938687347724,-0.0089361448321650036
330,331,-0.97660287150202563,0.040000000000000001
330,333,-0.28000000000000003,0.059999999999999998
330,736,-0.028358183328686365,-0.046752824753787142
331,332,-0.97872014011705011,0.040000000000000001
331,334,-0.28000000000000003,0.029999999999999999
331,659,0.031951601616024422,-0.046737659413704849
332,333,-0.98080256321950021,0.040000000000000001
332,335,-0.28000000000000003,0
332,349,0.11160482377990905,0.066666058148471985
333,334,-0.98284826676914328,0.040000000000000001
333,336,-0.28000000000000003,-0.029999999999999999
334,335,-0.98485540977086528,0.040000000000000001
334,337,-0.28000000000000003,-0.059999999999999998
335,336,-0.98682218593144277,0.040000000000000001
335,338,-0.28000000000000003,0.059999999999999998
335,400,0.055860423004371329,0.01044597063948155
336,337,-0.98874682528508484,0.040000000000000001
336,339,-0.28000000000000003,0.029999999999999999
336,353,0.086172813643087445,0.097335739524769219
336,552,0.062912028821010907,0.014770113814557229
337,338,-0.99062759578628223,0.040000000000000001
337,340,-0.28000000000000003,0
338,339,-0.99246280486853211,0.040000000000000001
338,341,-0.28000000000000003,-0.029999999999999999
338,371,0.0050673989725600194,0.048872849801670185
339,340,-0.9942508009675336,0.040000000000000001
339,342,-0.28000000000000003,-0.059999999999999998
340,341,-0.99598997500748332,0.040000000000000001
340,343,-0.28000000000000003,0.059999999999999998
340,357,0.12846457050941809,0.019921197851302704
341,342,-0.9976787618491364,0.040000000000000001
341,344,-0.28000000000000003,0.029999999999999999
341,469,0.041385213321300268,-0.02805107900545234
341,611,-0.016547906935238887,0.046011088564875943
342,343,-0.99931564169832476,0.040000000000000001
342,345,-0.28000000000000003,0
343,344,-1.0008991414736703,0.040000000000000001
343,346,-0.28000000000000003,-0.029999999999999999
344,345,-1.0024278361322585,0.040000000000000001
344,347,-0.28000000000000003,-0.059999999999999998
344,361,0.11639789723774747,0.057892396034632913
345,346,-1.00390034995208,0.040000000000000001
345,348,-0.28000000000000003,0.059999999999999998
346,347,-1.0053153577700888,0.040000000000000001
346,349,-0.28000000000000003,0.029999999999999999
347,348,-1.006671586174759,0.040000000000000001
347,350,-0.28000000000000003,0
348,349,-1.007967814652069,0.040000000000000001
348,351,-0.28000000000000003,-0.029999999999999999
348,365,0.093397972954472663,0.090425763187244337
349,350,-1.0092028766838821,0.040000000000000001
349,352,-0.28000000000000003,-0.059999999999999998
350,351,-1.0103756607977337,0.040000000000000001
350,353,-0.28000000000000003,0.059999999999999998
350,520,0.0032305294284550451,-0.02083343946332027
351,352,-1.0114851115670818,0.040000000000000001
351,354,-0.28000000000000003,0.029999999999999999
352,353,-1.0125302305611197,0.040000000000000001
352,355,-0.28000000000000003,0
352,369,0.12961557423053827,0.009990140984381753
352,433,0.032772553831543524,-0.034954922491069344
353,354,-1.0135100772432966,0.040000000000000001
353,356,-0.28000000000000003,-0.029999999999999999
354,355,-1.0144237698177356,0.040000000000000001
354,357,-0.28000000000000003,-0.059999999999999998
355,356,-1.0152704860227926,0.040000000000000001
355,358,-0.28000000000000003,0.059999999999999998
356,357,-1.0160494638710345,0.040000000000000001
356,359,-0.28000000000000003,0.029999999999999999
356,373,0.12050256529236515,0.048776344245538505
357,358,-1.016760002334977,0.040000000000000001
357,360,-0.28000000000000003,0
357,487,-0.059893801593036089,-0.036753967738679255
357,763,0.045354004527150438,-0.027615453353790662
358,359,-1.017401461977963,0.040000000000000001
358,361,-0.28000000000000003,-0.029999999999999999
359,360,-1.0179732655296108,0.040000000000000001
359,362,-0.28000000000000003,-0.059999999999999998
359,717,0.012797583908917859,0.033348479458555666
360,361,-1.0184748984053194,0.040000000000000001
360,363,-0.28000000000000003,0.059999999999999998
360,377,0.10007075399479344,0.0829809869482976
360,729,0.044309353120578251,0.0081859535759163729
361,362,-1.0189059091693597,0.040000000000000001
361,364,-0.28000000000000003,0.029999999999999999
362,363,-1.019265909941137,0.040000000000000001
362,365,-0.28000000000000003,0
363,364,-1.0195545767442555,0.040000000000000001
363,366,-0.28000000000000003,-0.029999999999999999
364,365,-1.0197716497980771,0.040000000000000001
364,367,-0.28000000000000003,-0.059999999999999998
364,381,0.13,0
365,366,-1.0199169337515053,0.040000000000000001
365,368,-0.28000000000000003,0.059999999999999998
366,367,-1.0199902978587883,0.040000000000000001
366,369,-0.28000000000000003,0.029999999999999999
366,768,0.043663748666124769,0.033334816608042883
367,368,-1.0199916760971814,0.040000000000000001
367,370,-0.28000000000000003,0
367,707,0.0043928828105355977,0.011700920981478111
368,369,-1.0199210672263634,0.040000000000000001
368,371,-0.28000000000000003,-0.029999999999999999
368,385,0.12389455194106543,0.039371817323088379
368,515,-0.057770933072870803,-0.012928919025769904
369,370,-1.0197785347895518,0.040000000000000001
369,372,-0.28000000000000003,-0.059999999999999998
370,371,-1.0195642070563191,0.040000000000000001
370,373,-0.28000000000000003,0.059999999999999998
371,372,-1.0192782769071587,0.040000000000000001
371,374,-0.28000000000000003,0.029999999999999999
371,669,-0.020189395808526654,-0.031539806324515904
372,373,-1.0189210016599048,0.040000000000000001
372,375,-0.28000000000000003,0
372,389,0.10615169231811321,0.07504544102076173
372,737,-0.0063224785204360895,0.017220294516720726
373,374,-1.018492702838165,0.040000000000000001
373,376,-0.28000000000000003,-0.029999999999999999
374,375,-1.0179937658819691,0.040000000000000001
374,377,-0.28000000000000003,-0.059999999999999998
375,376,-1.0174246398009008,0.040000000000000001
375,378,-0.28000000000000003,0.059999999999999998
376,377,-1.0167858367700182,0.040000000000000001
376,379,-0.28000000000000003,0.029999999999999999
376,393,0.078438007405680299,0.10367004868440279
376,625,0.030827108674726475,0.011279987220739265
377,378,-1.016077931668931,0.040000000000000001
377,380,-0.28000000000000003,0
378,379,-1.0153015615644481,0.040000000000000001
378,381,-0.28000000000000003,-0.029999999999999999
379,380,-1.0144574251372602,0.040000000000000001
379,382,-0.28000000000000003,-0.059999999999999998
380,381,-1.013546282053174,0.040000000000000001
380,383,-0.28000000000000003,0.059999999999999998
380,397,0.12655379615188786,0.029734435921106941
380,716,0.018569560889857423,0.010406393203394239
381,382,-1.0125689522794652,0.040000000000000001
381,384,-0.28000000000000003,0.029999999999999999
382,383,-1.0115263153469622,0.040000000000000001
382,385,-0.28000000000000003,0
383,384,-1.0104193095585283,0.040000000000000001
383,386,-0.28000000000000003,-0.029999999999999999
384,385,-1.0092489311446526,0.040000000000000001
384,387,-0.28000000000000003,-0.059999999999999998
384,401,0.11160482377990905,0.066666058148471985
385,386,-1.0080162333669094,0.040000000000000001
385,388,-0.28000000000000003,0.059999999999999998
385,750,0.050588009812207846,-0.0035288405645191451
386,387,-1.0067223255700939,0.040000000000000001
386,389,-0.28000000000000003,0.029999999999999999
387,388,-1.0053683721838871,0.040000000000000001
387,390,-0.28000000000000003,0
388,389,-1.0039555916749476,0.040000000000000001
388,391,-0.28000000000000003,-0.029999999999999999
388,405,0.086172813643087445,0.097335739524769219
388,589,-0.031216577203938389,0.00095632309643246816
389,390,-1.0024852554503736,0.040000000000000001
389,392,-0.28000000000000003,-0.059999999999999998
390,391,-1.0009586867135227,0.040000000000000001
390,393,-0.28000000000000003,0.059999999999999998
391,392,-0.99937725927321719,0.040000000000000001
391,394,-0.28000000000000003,0.029999999999999999
392,393,-0.99774239630741079,0.040000000000000001
392,395,-0.28000000000000003,0
392,409,0.12846457050941809,0.019921197851302704
393,394,-0.99605556908242243,0.040000000000000001
393,396,-0.28000000000000003,-0.029999999999999999
394,395,-0.99431829562889729,0.040000000000000001
394,397,-0.28000000000000003,-0.059999999999999998
395,396,-0.99253213937568119,0.040000000000000001
395,398,-0.28000000000000003,0.059999999999999998
396,397,-0.99069870774283997,0.040000000000000001
396,399,-0.28000000000000003,0.029999999999999999
396,413,0.11639789723774747,0.057892396034632913
397,398,-0.98881965069509026,0.040000000000000001
397,400,-0.28000000000000003,0
398,399,-0.98689665925694259,0.040000000000000001
398,401,-0.28000000000000003,-0.029999999999999999
399,400,-0.98493146399089315,0.040000000000000001
399,402,-0.28000000000000003,-0.059999999999999998
399,512,-0.019929979739099254,-0.02814668762662996
400,401,-0.9829258334400347,0.040000000000000001
400,403,-0.28000000000000003,0.059999999999999998
400,417,0.093397972954472663,0.090425763187244337
401,402,-0.98088157253648722,0.040000000000000001
401,404,-0.28000000000000003,0.029999999999999999
402,403,-0.97880052097708026,0.040000000000000001
402,405,-0.28000000000000003,0
403,404,-0.97668455156775025,0.040000000000000001
403,406,-0.28000000000000003,-0.029999999999999999
404,405,-0.97453556853814249,0.040000000000000001
404,407,-0.28000000000000003,-0.059999999999999998
404,421,0.12961557423053827,0.009990140984381753
405,406,-0.97235550582793118,0.040000000000000001
405,408,-0.28000000000000003,0.059999999999999998
406,407,-0.97014632534640599,0.040000000000000001
406,409,-0.28000000000000003,0.029999999999999999
407,408,-0.96791001520688491,0.040000000000000001
407,410,-0.28000000000000003,0
408,409,-0.96564858793754704,0.040000000000000001
408,411,-0.28000000000000003,-0.029999999999999999
408,425,0.12050256529236515,0.048776344245538505
408,642,0.013187092672185999,-0.018846824683739796
409,410,-0.96336407867029317,0.040000000000000001
409,412,-0.28000000000000003,-0.059999999999999998
410,411,-0.96105854330926421,0.040000000000000001
410,413,-0.28000000000000003,0.059999999999999998
411,412,-0.95873405668066569,0.040000000000000001
411,414,-0.28000000000000003,0.029999999999999999
412,413,-0.95639271066556564,0.040000000000000001
412,415,-0.28000000000000003,0
412,429,0.10007075399479344,0.0829809869482976
412,534,-0.064010365565937227,0.032258856402159572
413,414,-0.95403661231734127,0.040000000000000001
413,416,-0.28000000000000003,-0.029999999999999999
414,415,-0.95166788196547414,0.040000000000000001
414,417,-0.28000000000000003,-0.059999999999999998
415,416,-0.94928865130739659,0.040000000000000001
415,418,-0.28000000000000003,0.059999999999999998
416,417,-0.94690106149010744,0.040000000000000001
416,419,-0.28000000000000003,0.029999999999999999
416,433,0.13,0
417,418,-0.94450726118328499,0.040000000000000001
417,420,-0.28000000000000003,0
417,495,-0.03647393986849664,0.016226117117775565
418,419,-0.94210940464562865,0.040000000000000001
418,421,-0.28000000000000003,-0.029999999999999999
419,420,-0.93970964978617155,0.040000000000000001
419,422,-0.28000000000000003,-0.059999999999999998
420,421,-0.93731015622230907,0.040000000000000001
420,423,-0.28000000000000003,0.059999999999999998
420,437,0.12389455194106543,0.039371817323088379
421,422,-0.93491308333628742,0.040000000000000001
421,424,-0.28000000000000003,0.029999999999999999
422,423,-0.93252058833190643,0.040000000000000001
422,425,-0.28000000000000003,0
423,424,-0.93013482429318173,0.040000000000000001
423,426,-0.28000000000000003,-0.029999999999999999
424,425,-0.92775793824671371,0.040000000000000001
424,427,-0.28000000000000003,-0.059999999999999998
424,441,0.10615169231811321,0.07504544102076173
425,426,-0.92539206922950923,0.040000000000000001
425,428,-0.28000000000000003,0.059999999999999998
426,427,-0.92303934636399254,0.040000000000000001
426,429,-0.28000000000000003,0.029999999999999999
427,428,-0.92070188694193844,0.040000000000000001
427,430,-0.28000000000000003,0
427,643,-0.034129063856081096,0.0021419495938321056
428,429,-0.918381794519053,0.040000000000000001
428,431,-0.28000000000000003,-0.029999999999999999
428,445,0.078438007405680299,0.10367004868440279
429,430,-0.91608115702191539,0.040000000000000001
429,432,-0.28000000000000003,-0.059999999999999998
430,431,-0.91380204486898453,0.040000000000000001
430,433,-0.28000000000000003,0.059999999999999998
430,599,-0.053399598335724066,-0.0021010677662562371
431,432,-0.91154650910736268,0.040000000000000001
431,434,-0.28000000000000003,0.029999999999999999
432,433,-0.9093165795669913,0.040000000000000001
432,435,-0.28000000000000003,0
432,449,0.12655379615188786,0.029734435921106941
433,434,-0.90711426303394072,0.040000000000000001
433,436,-0.28000000000000003,-0.029999999999999999
433,513,0.014187312418979886,0.023500393979320966
434,435,-0.90494154144443906,0.040000000000000001
434,437,-0.28000000000000003,-0.059999999999999998
435,436,-0.90280037010126235,0.040000000000000001
435,438,-0.28000000000000003,0.059999999999999998
435,545,0.023407739803666047,-0.0042833351928619826
436,437,-0.90069267591409474,0.040000000000000001
436,439,-0.28000000000000003,0.029999999999999999
436,453,0.11160482377990905,0.066666058148471985
437,438,-0.89862035566543985,0.040000000000000001
437,440,-0.28000000000000003,0
438,439,-0.89658527430364388,0.040000000000000001
438,441,-0.28000000000000003,-0.029999999999999999
439,440,-0.89458926326456834,0.040000000000000001
439,442,-0.28000000000000003,-0.059999999999999998
440,441,-0.89263411882342214,0.040000000000000001
440,443,-0.28000000000000003,0.059999999999999998
440,457,0.086172813643087445,0.097335739524769219
441,442,-0.89072160047823368,0.040000000000000001
441,444,-0.28000000000000003,0.029999999999999999
442,443,-0.88885342936642264,0.040000000000000001
442,445,-0.28000000000000003,0
443,444,-0.88703128671589182,0.040000000000000001
443,446,-0.28000000000000003,-0.029999999999999999
444,445,-0.8852568123320359,0.040000000000000001
444,447,-0.28000000000000003,-0.059999999999999998
444,461,0.12846457050941809,0.019921197851302704
445,446,-0.88353160312202683,0.040000000000000001
445,448,-0.28000000000000003,0.059999999999999998
446,447,-0.88185721165770548,0.040000000000000001
446,449,-0.28000000000000003,0.029999999999999999
447,448,-0.88023514477837161,0.040000000000000001
447,450,-0.28000000000000003,0
448,449,-0.87866686223473067,0.040000000000000001
448,451,-0.28000000000000003,-0.029999999999999999
448,465,0.11639789723774747,0.057892396034632913
448,761,0.026499247674967849,0.0027594081700165543
449,450,-0.87715377537521577,0.040000000000000001
449,452,-0.28000000000000003,-0.059999999999999998
450,451,-0.87569724587587028,0.040000000000000001
450,453,-0.28000000000000003,0.059999999999999998
451,452,-0.87429858451493081,0.040000000000000001
451,454,-0.28000000000000003,0.029999999999999999
451,610,0.066874609003312491,-0.0014309849235055738
452,453,-0.8729590499932155,0.040000000000000001
452,455,-0.28000000000000003,0
452,469,0.093397972954472663,0.090425763187244337
453,454,-0.87167984780137775,0.040000000000000001
453,456,-0.28000000000000003,-0.029999999999999999
454,455,-0.87046212913504695,0.040000000000000001
454,457,-0.28000000000000003,-0.059999999999999998
455,456,-0.86930698985882915,0.040000000000000001
455,458,-0.28000000000000003,0.059999999999999998
456,457,-0.86821546952010331,0.040000000000000001
456,459,-0.28000000000000003,0.029999999999999999
456,473,0.12961557423053827,0.009990140984381753
456,494,0.05770324793019932,0.0352892705120341
457,458,-0.86718855041349907,0.040000000000000001
457,460,-0.28000000000000003,0
457,552,-0.012390405753156371,-0.03573685821472488
458,459,-0.86622715669689709,0.040000000000000001
458,461,-0.28000000000000003,-0.029999999999999999
458,700,-0.038206179638879852,0.047877928715903462
459,460,-0.86533215355975046,0.040000000000000001
459,462,-0.28000000000000003,-0.059999999999999998
460,461,-0.86450434644447161,0.040000000000000001
460,463,-0.28000000000000003,0.059999999999999998
460,477,0.12050256529236515,0.048776344245538505
461,462,-0.86374448032158901,0.040000000000000001
461,464,-0.28000000000000003,0.029999999999999999
462,463,-0.86305323901932374,0.040000000000000001
462,465,-0.28000000000000003,0
463,464,-0.86243124460819065,0.040000000000000001
463,466,-0.28000000000000003,-0.029999999999999999
464,465,-0.86187905684117616,0.040000000000000001
464,467,-0.28000000000000003,-0.059999999999999998
464,481,0.10007075399479344,0.0829809869482976
464,764,-0.03605976523089062,-0.037992590263532411
465,466,-0.86139717264999915,0.040000000000000001
465,468,-0.28000000000000003,0.059999999999999998
466,467,-0.8609860256979055,0.040000000000000001
466,469,-0.28000000000000003,0.029999999999999999
467,468,-0.86064598598940045,0.040000000000000001
467,470,-0.28000000000000003,0
468,469,-0.86037735953726979,0.040000000000000001
468,471,-0.28000000000000003,-0.029999999999999999
468,485,0.13,0
469,470,-0.86018038808718844,0.040000000000000001
469,472,-0.28000000000000003,-0.059999999999999998
470,471,-0.86005524890016649,0.040000000000000001
470,473,-0.28000000000000003,0.059999999999999998
471,472,-0.86000205459302559,0.040000000000000001
471,474,-0.28000000000000003,0.029999999999999999
472,473,-0.86002085303705167,0.040000000000000001
472,475,-0.28000000000000003,0
472,489,0.12389455194106543,0.039371817323088379
473,474,-0.86011162731491397,0.040000000000000001
473,476,-0.28000000000000003,-0.029999999999999999
473,526,-0.06530495118438133,0.033219657671719527
473,689,-0.0084053491971552916,0.049097377014559129
474,475,-0.86027429573588943,0.040000000000000001
474,477,-0.28000000000000003,-0.059999999999999998
475,476,-0.86050871190937894,0.040000000000000001
475,478,-0.28000000000000003,0.059999999999999998
476,477,-0.86081466487664904,0.040000000000000001
476,479,-0.28000000000000003,0.029999999999999999
476,493,0.10615169231811321,0.07504544102076173
476,733,0.025501566676311954,0.025884423440461851
477,478,-0.86119187930068042,0.040000000000000001
477,480,-0.28000000000000003,0
478,479,-0.86164001571395266,0.040000000000000001
478,481,-0.28000000000000003,-0.029999999999999999
478,502,-0.063605948424966155,0.029171758628113442
478,567,-0.023660431041624283,0.03388241876418744
478,583,-0.036923123995909052,-0.024185220675528335
479,480,-0.86215867082394193,0.040000000000000001
479,482,-0.28000000000000003,-0.059999999999999998
480,481,-0.86274737787605771,0.040000000000000001
480,483,-0.28000000000000003,0.059999999999999998
480,497,0.078438007405680299,0.10367004868440279
480,514,-0.040576310217298628,-0.018161736669417297
481,482,-0.86340560707368941,0.040000000000000001
481,484,-0.28000000000000003,0.029999999999999999
482,483,-0.86413276605498845,0.040000000000000001
482,485,-0.28000000000000003,0
483,484,-0.86492820042595331,0.040000000000000001
483,486,-0.28000000000000003,-0.029999999999999999
484,485,-0.86579119434934027,0.040000000000000001
484,487,-0.28000000000000003,-0.059999999999999998
484,501,0.12655379615188786,0.029734435921106941
485,486,-0.86672097118886871,0.040000000000000001
485,488,-0.28000000000000003,0.059999999999999998
486,487,-0.86771669420814124,0.040000000000000001
486,489,-0.28000000000000003,0.029999999999999999
487,488,-0.86877746732364958,0.040000000000000001
487,490,-0.28000000000000003,0
488,489,-0.86990233591118993,0.040000000000000001
488,491,-0.28000000000000003,-0.029999999999999999
488,505,0.11160482377990905,0.066666058148471985
489,490,-0.87109028766495988,0.040000000000000001
489,492,-0.28000000000000003,-0.059999999999999998
490,491,-0.87234025350856514,0.040000000000000001
490,493,-0.28000000000000003,0.059999999999999998
491,492,-0.87365110855711703,0.040000000000000001
491,494,-0.28000000000000003,0.029999999999999999
492,493,-0.87502167312955159,0.040000000000000001
492,495,-0.28000000000000003,0
492,509,0.086172813643087445,0.097335739524769219
493,494,-0.87645071381026407,0.040000000000000001
493,496,-0.28000000000000003,-0.029999999999999999
494,495,-0.87793694455909921,0.040000000000000001
494,497,-0.28000000000000003,-0.059999999999999998
495,496,-0.87947902786870058,0.040000000000000001
495,498,-0.28000000000000003,0.059999999999999998
496,497,-0.88107557596817698,0.040000000000000001
496,499,-0.28000000000000003,0.029999999999999999
496,513,0.12846457050941809,0.019921197851302704
497,498,-0.88272515207200286,0.040000000000000001
497,500,-0.28000000000000003,0
498,499,-0.88442627167302756,0.040000000000000001
498,501,-0.28000000000000003,-0.029999999999999999
499,500,-0.88617740387843247,0.040000000000000001
499,502,-0.28000000000000003,-0.059999999999999998
500,501,-0.8879769727874306,0.040000000000000001
500,503,-0.28000000000000003,0.059999999999999998
500,517,0.11639789723774747,0.057892396034632913
500,651,0.023529993174403435,0.04584448722670767
501,502,-0.88982335890947095,0.040000000000000001
501,504,-0.28000000000000003,0.029999999999999999
501,547,0.067619566024511274,0.017807436188615813
501,627,-0.0036518822608578722,-0.029273521161563884
502,503,-0.89171490062167114,0.040000000000000001
502,505,-0.28000000000000003,0
502,574,0.039951090491975649,-0.031288796204590782
503,504,-0.89364989566416542,0.040000000000000001
503,506,-0.28000000000000003,-0.029999999999999999
504,505,-0.89562660267202365,0.040000000000000001
504,507,-0.28000000000000003,-0.059999999999999998
504,521,0.093397972954472663,0.090425763187244337
505,506,-0.89764324274236273,0.040000000000000001
505,508,-0.28000000000000003,0.059999999999999998
506,507,-0.89969800103523834,0.040000000000000001
506,509,-0.28000000000000003,0.029999999999999999
507,508,-0.9017890284068788,0.040000000000000001
507,510,-0.28000000000000003,0
508,509,-0.90391444307378999,0.040000000000000001
508,511,-0.28000000000000003,-0.029999999999999999
508,525,0.12961557423053827,0.009990140984381753
509,510,-0.90607233230623263,0.040000000000000001
509,512,-0.28000000000000003,-0.059999999999999998
510,511,-0.90826075414955088,0.040000000000000001
510,513,-0.28000000000000003,0.059999999999999998
510,587,0.042613603037023717,0.022780738305896844
511,512,-0.91047773917179975,0.040000000000000001
511,514,-0.28000000000000003,0.029999999999999999
512,513,-0.9127212922361011,0.040000000000000001
512,515,-0.28000000000000003,0
512,529,0.12050256529236515,0.048776344245538505
513,514,-0.91498939429613235,0.040000000000000001
513,516,-0.28000000000000003,-0.029999999999999999
514,515,-0.91728000421313205,0.040000000000000001
514,517,-0.28000000000000003,-0.059999999999999998
515,516,-0.91959106059278595,0.040000000000000001
515,518,-0.28000000000000003,0.059999999999999998
516,517,-0.9219204836403444,0.040000000000000001
516,519,-0.28000000000000003,0.029999999999999999
516,533,0.10007075399479344,0.0829809869482976
517,518,-0.92426617703229585,0.040000000000000001
517,520,-0.28000000000000003,0
518,519,-0.92662602980291697,0.040000000000000001
518,521,-0.28000000000000003,-0.029999999999999999
519,520,-0.92899791824399969,0.040000000000000001
519,522,-0.28000000000000003,-0.059999999999999998
520,521,-0.9313797078160444,0.040000000000000001
520,523,-0.28000000000000003,0.059999999999999998
520,537,0.13,0
521,522,-0.93376925506920239,0.040000000000000001
521,524,-0.28000000000000003,0.029999999999999999
522,523,-0.93616440957223568,0.040000000000000001
522,525,-0.28000000000000003,0
523,524,-0.93856301584775914,0.040000000000000001
523,526,-0.28000000000000003,-0.029999999999999999
524,525,-0.94096291531202614,0.040000000000000001
524,527,-0.28000000000000003,-0.059999999999999998
524,541,0.12389455194106543,0.039371817323088379
525,526,-0.94336194821750718,0.040000000000000001
525,528,-0.28000000000000003,0.059999999999999998
526,527,-0.9457579555965171,0.040000000000000001
526,529,-0.28000000000000003,0.029999999999999999
526,583,-0.0079412229486120339,0.02880500814888819
527,528,-0.94814878120414048,0.040000000000000001
527,530,-0.28000000000000003,0
528,529,-0.95053227345870661,0.040000000000000001
528,531,-0.28000000000000003,-0.029999999999999999
528,545,0.10615169231811321,0.07504544102076173
529,530,-0.95290628737806671,0.040000000000000001
529,532,-0.28000000000000003,-0.059999999999999998
529,554,-0.036011116106911684,-0.028283244756075077
529,746,-0.068056054539169589,0.030151621349145993
529,753,-0.060433162789164642,0.013059414243434708
530,531,-0.95526868650993491,0.040000000000000001
530,533,-0.28000000000000003,0.059999999999999998
530,730,0.062734478744190081,0.04538688377656315
531,532,-0.95761734485454975,0.040000000000000001
531,534,-0.28000000000000003,0.029999999999999999
532,533,-0.9599501487779305,0.040000000000000001
532,535,-0.28000000000000003,0
532,549,0.078438007405680299,0.10367004868440279
533,534,-0.96226499891400574,0.040000000000000001
533,536,-0.28000000000000003,-0.029999999999999999
534,535,-0.96455981205390073,0.040000000000000001
534,537,-0.28000000000000003,-0.059999999999999998
534,583,-0.068514028395174134,0.015648325645155198
535,536,-0.9668325230206849,0.040000000000000001
535,538,-0.28000000000000003,0.059999999999999998
536,537,-0.96908108652789104,0.040000000000000001
536,539,-0.28000000000000003,0.029999999999999999
536,553,0.12655379615188786,0.029734435921106941
537,538,-0.97130347902013692,0.040000000000000001
537,540,-0.28000000000000003,0
538,539,-0.97349770049418605,0.040000000000000001
538,541,-0.28000000000000003,-0.029999999999999999
539,540,-0.97566177629881712,0.040000000000000001
539,542,-0.28000000000000003,-0.059999999999999998
540,541,-0.97779375891187725,0.040000000000000001
540,543,-0.28000000000000003,0.059999999999999998
540,557,0.11160482377990905,0.066666058148471985
541,542,-0.97989172969291882,0.040000000000000001
541,544,-0.28000000000000003,0.029999999999999999
542,543,-0.98195380060984749,0.040000000000000001
542,545,-0.28000000000000003,0
543,544,-0.9839781159380242,0.040000000000000001
543,546,-0.28000000000000003,-0.029999999999999999
544,545,-0.98596285393029037,0.040000000000000001
544,547,-0.28000000000000003,-0.059999999999999998
544,561,0.086172813643087445,0.097335739524769219
545,546,-0.98790622845641873,0.040000000000000001
545,548,-0.28000000000000003,0.059999999999999998
545,739,-0.012375893884902525,-0.01197732609100801
546,547,-0.98980649061050985,0.040000000000000001
546,549,-0.28000000000000003,0.029999999999999999
547,548,-0.9916619302848888,0.040000000000000001
547,550,-0.28000000000000003,0
548,549,-0.99347087770908682,0.040000000000000001
548,551,-0.28000000000000003,-0.029999999999999999
548,565,0.12846457050941809,0.019921197851302704
549,550,-0.99523170495252278,0.040000000000000001
549,552,-0.28000000000000003,-0.059999999999999998
550,551,-0.99694282738952977,0.040000000000000001
550,553,-0.28000000000000003,0.059999999999999998
551,552,-0.99860270512541172,0.040000000000000001
551,554,-0.28000000000000003,0.029999999999999999
552,553,-1.0002098443822445,0.040000000000000001
552,555,-0.28000000000000003,0
552,569,0.11639789723774747,0.057892396034632913
553,554,-1.0017627988431761,0.040000000000000001
553,556,-0.28000000000000003,-0.029999999999999999
554,555,-1.0032601709540125,0.040000000000000001
554,557,-0.28000000000000003,-0.059999999999999998
555,556,-1.0047006131809237,0.040000000000000001
555,558,-0.28000000000000003,0.059999999999999998
555,628,0.016383957026351426,0.024998325178387071
556,557,-1.0060828292231327,0.040000000000000001
556,559,-0.28000000000000003,0.029999999999999999
556,573,0.093397972954472663,0.090425763187244337
556,693,-0.039484319367536352,0.009257391919711852
557,558,-1.0074055751794979,0.040000000000000001
557,560,-0.28000000000000003,0
558,559,-1.0086676606679414,0.040000000000000001
558,561,-0.28000000000000003,-0.029999999999999999
559,560,-1.0098679498967118,0.040000000000000001
559,562,-0.28000000000000003,-0.059999999999999998
559,646,0.062375531113250837,0.023102814142332274
560,561,-1.0110053626865203,0.040000000000000001
560,563,-0.28000000000000003,0.059999999999999998
560,577,0.12961557423053827,0.009990140984381753
560,765,-0.049646322021866945,-0.036948028996807034
561,562,-1.0120788754426291,0.040000000000000001
561,564,-0.28000000000000003,0.029999999999999999
562,563,-1.0130875220760176,0.040000000000000001
562,565,-0.28000000000000003,0
563,564,-1.0140303948727976,0.040000000000000001
563,566,-0.28000000000000003,-0.029999999999999999
564,565,-1.0149066453110935,0.040000000000000001
564,567,-0.28000000000000003,-0.059999999999999998
564,581,0.12050256529236515,0.048776344245538505
565,566,-1.0157154848246566,0.040000000000000001
565,568,-0.28000000000000003,0.059999999999999998
566,567,-1.0164561855125194,0.040000000000000001
566,569,-0.28000000000000003,0.029999999999999999
567,568,-1.0171280807940586,0.040000000000000001
567,570,-0.28000000000000003,0
568,569,-1.0177305660088722,0.040000000000000001
568,571,-0.28000000000000003,-0.029999999999999999
568,585,0.10007075399479344,0.0829809869482976
569,570,-1.018263098960934,0.040000000000000001
569,572,-0.28000000000000003,-0.059999999999999998
570,571,-1.0187252004065313,0.040000000000000001
570,573,-0.28000000000000003,0.059999999999999998
571,572,-1.0191164544855547,0.040000000000000001
571,574,-0.28000000000000003,0.029999999999999999
571,736,0.017256913047730638,-0.032741781935868006
572,573,-1.0194365090957413,0.040000000000000001
572,575,-0.28000000000000003,0
572,589,0.13,0
572,688,0.064678391461921031,-0.027654509377506433
573,574,-1.0196850762095453,0.040000000000000001
573,576,-0.28000000000000003,-0.029999999999999999
574,575,-1.019861932133342,0.040000000000000001
574,577,-0.28000000000000003,-0.059999999999999998
575,576,-1.0199669177087374,0.040000000000000001
575,578,-0.28000000000000003,0.059999999999999998
575,628,-0.037948834773236226,0.018804632356556175
576,577,-1.0199999384557998,0.040000000000000001
576,579,-0.28000000000000003,0.029999999999999999
576,593,0.12389455194106543,0.039371817323088379
577,578,-1.0199609646580861,0.040000000000000001
577,580,-0.28000000000000003,0
578,579,-1.019850031389383,0.040000000000000001
578,581,-0.28000000000000003,-0.029999999999999999
579,580,-1.0196672384821452,0.040000000000000001
579,582,-0.28000000000000003,-0.059999999999999998
580,581,-1.0194127504376507,0.040000000000000001
580,583,-0.28000000000000003,0.059999999999999998
580,597,0.10615169231811321,0.07504544102076173
581,582,-1.0190867962779619,0.040000000000000001
581,584,-0.28000000000000003,0.029999999999999999
582,583,-1.0186896693398217,0.040000000000000001
582,585,-0.28000000000000003,0
583,584,-1.018221727010669,0.040000000000000001
583,586,-0.28000000000000003,-0.029999999999999999
584,585,-1.0176833904070151,0.040000000000000001
584,587,-0.28000000000000003,-0.059999999999999998
584,601,0.078438007405680299,0.10367004868440279
585,586,-1.0170751439954659,0.040000000000000001
585,588,-0.28000000000000003,0.059999999999999998
586,587,-1.0163975351567374,0.040000000000000001
586,589,-0.28000000000000003,0.029999999999999999
587,588,-1.0156511736930467,0.040000000000000001
587,590,-0.28000000000000003,0
588,589,-1.0148367312793329,0.040000000000000001
588,591,-0.28000000000000003,-0.029999999999999999
588,605,0.12655379615188786,0.029734435921106941
589,590,-1.013954940858796,0.040000000000000001
589,592,-0.28000000000000003,-0.059999999999999998
589,751,-0.032492200211264602,0.010087056534116678
590,591,-1.0130065959832948,0.040000000000000001
590,593,-0.28000000000000003,0.059999999999999998
591,592,-1.0119925500992057,0.040000000000000001
591,594,-0.28000000000000003,0.029999999999999999
592,593,-1.0109137157793791,0.040000000000000001
592,595,-0.28000000000000003,0
592,609,0.11160482377990905,0.066666058148471985
593,594,-1.0097710639018831,0.040000000000000001
593,596,-0.28000000000000003,-0.029999999999999999
594,595,-1.0085656227762809,0.040000000000000001
594,597,-0.28000000000000003,-0.059999999999999998
595,596,-1.007298477218221,0.040000000000000001
595,598,-0.28000000000000003,0.059999999999999998
596,597,-1.0059707675731753,0.040000000000000001
596,599,-0.28000000000000003,0.029999999999999999
596,613,0.086172813643087445,0.097335739524769219
597,598,-1.0045836886902069,0.040000000000000001
597,600,-0.28000000000000003,0
598,599,-1.0031384888466859,0.040000000000000001
598,601,-0.28000000000000003,-0.029999999999999999
599,600,-1.0016364686249228,0.040000000000000001
599,602,-0.28000000000000003,-0.059999999999999998
600,601,-1.000078979741734,0.040000000000000001
600,603,-0.28000000000000003,0.059999999999999998
600,617,0.12846457050941809,0.019921197851302704
601,602,-0.99846742383198739,0.040000000000000001
601,604,-0.28000000000000003,0.029999999999999999
602,603,-0.99680325118722446,0.040000000000000001
602,605,-0.28000000000000003,0
603,604,-0.99508795945049755,0.040000000000000001
603,606,-0.28000000000000003,-0.029999999999999999
604,605,-0.99332309226859083,0.040000000000000001
604,607,-0.28000000000000003,-0.059999999999999998
604,621,0.11639789723774747,0.057892396034632913
605,606,-0.99151023790284332,0.040000000000000001
605,608,-0.28000000000000003,0.059999999999999998
606,607,-0.98965102779981984,0.040000000000000001
606,609,-0.28000000000000003,0.029999999999999999
607,608,-0.98774713512312029,0.040000000000000001
607,610,-0.28000000000000003,0
608,609,-0.98580027324764508,0.040000000000000001
608,611,-0.28000000000000003,-0.029999999999999999
608,625,0.093397972954472663,0.090425763187244337
609,610,-0.98381219421767252,0.040000000000000001
609,612,-0.28000000000000003,-0.059999999999999998
610,611,-0.98178468717013845,0.040000000000000001
610,613,-0.28000000000000003,0.059999999999999998
611,612,-0.97971957672453325,0.040000000000000001
611,614,-0.28000000000000003,0.029999999999999999
612,613,-0.97761872134086669,0.040000000000000001
612,615,-0.28000000000000003,0
612,629,0.12961557423053827,0.009990140984381753
613,614,-0.9754840116471809,0.040000000000000001
613,616,-0.28000000000000003,-0.029999999999999999
614,615,-0.97331736873811192,0.040000000000000001
614,617,-0.28000000000000003,-0.059999999999999998
615,616,-0.97112074244603319,0.040000000000000001
615,618,-0.28000000000000003,0.059999999999999998
616,617,-0.96889610958634009,0.040000000000000001
616,619,-0.28000000000000003,0.029999999999999999
616,633,0.12050256529236515,0.048776344245538505
617,618,-0.96664547217844854,0.040000000000000001
617,620,-0.28000000000000003,0
618,619,-0.96437085564411151,0.040000000000000001
618,621,-0.28000000000000003,-0.029999999999999999
619,620,-0.96207430698467811,0.040000000000000001
619,622,-0.28000000000000003,-0.059999999999999998
619,640,0.049588586836649226,0.043094509395063846
620,621,-0.95975789293892988,0.040000000000000001
620,623,-0.28000000000000003,0.059999999999999998
620,637,0.10007075399479344,0.0829809869482976
621,622,-0.95742369812315409,0.040000000000000001
621,624,-0.28000000000000003,0.029999999999999999
622,623,-0.95507382315513178,0.040000000000000001
622,625,-0.28000000000000003,0
623,624,-0.95271038276372266,0.040000000000000001
623,626,-0.28000000000000003,-0.029999999999999999
624,625,-0.95033550388575105,0.040000000000000001
624,627,-0.28000000000000003,-0.059999999999999998
624,641,0.13,0
625,626,-0.94795132375190783,0.040000000000000001
625,628,-0.28000000000000003,0.059999999999999998
626,627,-0.94555998796338636,0.040000000000000001
626,629,-0.28000000000000003,0.029999999999999999
627,628,-0.94316364856098556,0.040000000000000001
627,630,-0.28000000000000003,0
628,629,-0.94076446208841968,0.040000000000000001
628,631,-0.28000000000000003,-0.029999999999999999
628,645,0.12389455194106543,0.039371817323088379
629,630,-0.93836458765157393,0.040000000000000001
629,632,-0.28000000000000003,-0.059999999999999998
630,631,-0.93596618497545503,0.040000000000000001
630,633,-0.28000000000000003,0.059999999999999998
630,715,0.014077759407600698,0.024187272872325295
631,632,-0.93357141246058362,0.040000000000000001
631,634,-0.28000000000000003,0.029999999999999999
632,633,-0.93118242524058092,0.040000000000000001
632,635,-0.28000000000000003,0
632,649,0.10615169231811321,0.07504544102076173
633,634,-0.92880137324269363,0.040000000000000001
633,636,-0.28000000000000003,-0.029999999999999999
634,635,-0.92643039925300297,0.040000000000000001
634,637,-0.28000000000000003,-0.059999999999999998
635,636,-0.92407163698806405,0.040000000000000001
635,638,-0.28000000000000003,0.059999999999999998
636,637,-0.92172720917470397,0.040000000000000001
636,639,-0.28000000000000003,0.029999999999999999
636,653,0.078438007405680299,0.10367004868440279
637,638,-0.91939922563970988,0.040000000000000001
637,640,-0.28000000000000003,0
638,639,-0.91708978141112962,0.040000000000000001
638,641,-0.28000000000000003,-0.029999999999999999
639,640,-0.91480095483288615,0.040000000000000001
639,642,-0.28000000000000003,-0.059999999999999998
640,641,-0.91253480569440826,0.040000000000000001
640,643,-0.28000000000000003,0.059999999999999998
640,657,0.12655379615188786,0.029734435921106941
640,693,0.048011997436002915,0.021329240675366193
641,642,-0.91029337337696048,0.040000000000000001
641,644,-0.28000000000000003,0.029999999999999999
642,643,-0.90807867501833661,0.040000000000000001
642,645,-0.28000000000000003,0
643,644,-0.90589270369757113,0.040000000000000001
643,646,-0.28000000000000003,-0.029999999999999999
644,645,-0.9037374266413043,0.040000000000000001
644,647,-0.28000000000000003,-0.059999999999999998
644,661,0.11160482377990905,0.066666058148471985
645,646,-0.9016147834534104,0.040000000000000001
645,648,-0.28000000000000003,0.059999999999999998
646,647,-0.8995266843694838,0.040000000000000001
646,649,-0.28000000000000003,0.029999999999999999
647,648,-0.89747500853775775,0.040000000000000001
647,650,-0.28000000000000003,0
647,766,0.062402577371381079,-0.045169112756525166
648,649,-0.89546160232799721,0.040000000000000001
648,651,-0.28000000000000003,-0.029999999999999999
648,665,0.086172813643087445,0.097335739524769219
649,650,-0.89348827766988947,0.040000000000000001
649,652,-0.28000000000000003,-0.059999999999999998
650,651,-0.89155681042243184,0.040000000000000001
650,653,-0.28000000000000003,0.059999999999999998
651,652,-0.88966893877577702,0.040000000000000001
651,654,-0.28000000000000003,0.029999999999999999
652,653,-0.88782636168697915,0.040000000000000001
652,655,-0.28000000000000003,0
652,669,0.12846457050941809,0.019921197851302704
653,654,-0.88603073735104798,0.040000000000000001
653,656,-0.28000000000000003,-0.029999999999999999
654,655,-0.88428368170868499,0.040000000000000001
654,657,-0.28000000000000003,-0.059999999999999998
655,656,-0.88258676699204563,0.040000000000000001
655,658,-0.28000000000000003,0.059999999999999998
656,657,-0.8809415203098363,0.040000000000000001
656,659,-0.28000000000000003,0.029999999999999999
656,673,0.11639789723774747,0.057892396034632913
656,713,0.016986569694126319,0.037389362961303164
657,658,-0.87934942227302038,0.040000000000000001
657,660,-0.28000000000000003,0
658,659,-0.87781190566236766,0.040000000000000001
658,661,-0.28000000000000003,-0.029999999999999999
659,660,-0.87633035413904825,0.040000000000000001
659,662,-0.28000000000000003,-0.059999999999999998
660,661,-0.87490610099943156,0.040000000000000001
660,663,-0.28000000000000003,0.059999999999999998
660,677,0.093397972954472663,0.090425763187244337
661,662,-0.87354042797520903,0.040000000000000001
661,664,-0.28000000000000003,0.029999999999999999
662,663,-0.87223456407992228,0.040000000000000001
662,665,-0.28000000000000003,0
663,664,-0.8709896845029339,0.040000000000000001
663,666,-0.28000000000000003,-0.029999999999999999
664,665,-0.86980690955183637,0.040000000000000001
664,667,-0.28000000000000003,-0.059999999999999998
664,681,0.12961557423053827,0.009990140984381753
665,666,-0.86868730364425062,0.040000000000000001
665,668,-0.28000000000000003,0.059999999999999998
666,667,-0.86763187434992251,0.040000000000000001
666,669,-0.28000000000000003,0.029999999999999999
667,668,-0.86664157148397758,0.040000000000000001
667,670,-0.28000000000000003,0
668,669,-0.86571728625215161,0.040000000000000001
668,671,-0.28000000000000003,-0.029999999999999999
668,685,0.12050256529236515,0.048776344245538505
669,670,-0.8648598504487659,0.040000000000000001
669,672,-0.28000000000000003,-0.059999999999999998
670,671,-0.86407003570816843,0.040000000000000001
670,673,-0.28000000000000003,0.059999999999999998
671,672,-0.86334855281031475,0.040000000000000001
671,674,-0.28000000000000003,0.029999999999999999
672,673,-0.86269605104111435,0.040000000000000001
672,675,-0.28000000000000003,0
672,689,0.10007075399479344,0.0829809869482976
673,674,-0.86211311760811693,0.040000000000000001
673,676,-0.28000000000000003,-0.029999999999999999
674,675,-0.86160027711206533,0.040000000000000001
674,677,-0.28000000000000003,-0.059999999999999998
675,676,-0.86115799107479041,0.040000000000000001
675,678,-0.28000000000000003,0.059999999999999998
676,677,-0.86078665752387218,0.040000000000000001
676,679,-0.28000000000000003,0.029999999999999999
676,693,0.13,0
677,678,-0.86048661063444221,0.040000000000000001
677,680,-0.28000000000000003,0
678,679,-0.86025812042844851,0.040000000000000001
678,681,-0.28000000000000003,-0.029999999999999999
679,680,-0.86010139253165385,0.040000000000000001
679,682,-0.28000000000000003,-0.059999999999999998
680,681,-0.86001656798858639,0.040000000000000001
680,683,-0.28000000000000003,0.059999999999999998
680,697,0.12389455194106543,0.039371817323088379
681,682,-0.86000372313560958,0.040000000000000001
681,684,-0.28000000000000003,0.029999999999999999
682,683,-0.86006286953222399,0.040000000000000001
682,685,-0.28000000000000003,0
683,684,-0.860193953950665,0.040000000000000001
683,686,-0.28000000000000003,-0.029999999999999999
684,685,-0.86039685842380387,0.040000000000000001
684,687,-0.28000000000000003,-0.059999999999999998
684,701,0.10615169231811321,0.07504544102076173
685,686,-0.86067140035131051,0.040000000000000001
685,688,-0.28000000000000003,0.059999999999999998
686,687,-0.86101733266398106,0.040000000000000001
686,689,-0.28000000000000003,0.029999999999999999
687,688,-0.86143434404608399,0.040000000000000001
687,690,-0.28000000000000003,0
688,689,-0.86192205921552267,0.040000000000000001
688,691,-0.28000000000000003,-0.029999999999999999
688,705,0.078438007405680299,0.10367004868440279
689,690,-0.86248003926156458,0.040000000000000001
689,692,-0.28000000000000003,-0.059999999999999998
690,691,-0.86310778203983063,0.040000000000000001
690,693,-0.28000000000000003,0.059999999999999998
691,692,-0.86380472262419183,0.040000000000000001
691,694,-0.28000000000000003,0.029999999999999999
692,693,-0.86457023381516429,0.040000000000000001
692,695,-0.28000000000000003,0
692,709,0.12655379615188786,0.029734435921106941
693,694,-0.86540362670434678,0.040000000000000001
693,696,-0.28000000000000003,-0.029999999999999999
694,695,-0.8663041512943912,0.040000000000000001
694,697,-0.28000000000000003,-0.059999999999999998
695,696,-0.86727099717394984,0.040000000000000001
695,698,-0.28000000000000003,0.059999999999999998
696,697,-0.86830329424699182,0.040000000000000001
696,699,-0.28000000000000003,0.029999999999999999
696,713,0.11160482377990905,0.066666058148471985
697,698,-0.86940011351582891,0.040000000000000001
697,700,-0.28000000000000003,0
698,699,-0.87056046791715236,0.040000000000000001
698,701,-0.28000000000000003,-0.029999999999999999
699,700,-0.87178331321032265,0.040000000000000001
699,702,-0.28000000000000003,-0.059999999999999998
700,701,-0.87306754891711547,0.040000000000000001
700,703,-0.28000000000000003,0.059999999999999998
700,717,0.086172813643087445,0.097335739524769219
701,702,-0.87441201931207779,0.040000000000000001
701,704,-0.28000000000000003,0.029999999999999999
702,703,-0.87581551446260353,0.040000000000000001
702,705,-0.28000000000000003,0
703,704,-0.87727677131779003,0.040000000000000001
703,706,-0.28000000000000003,-0.029999999999999999
704,705,-0.87879447484509954,0.040000000000000001
704,707,-0.28000000000000003,-0.059999999999999998
704,721,0.12846457050941809,0.019921197851302704
705,706,-0.88036725921379966,0.040000000000000001
705,708,-0.28000000000000003,0.059999999999999998
705,761,0.036200335684306362,-0.039453153831795873
706,707,-0.881993709024118,0.040000000000000001
706,709,-0.28000000000000003,0.029999999999999999
707,708,-0.88367236058100751,0.040000000000000001
707,710,-0.28000000000000003,0
708,709,-0.88540170321137235,0.040000000000000001
708,711,-0.28000000000000003,-0.029999999999999999
708,725,0.11639789723774747,0.057892396034632913
709,710,-0.88718018062357262,0.040000000000000001
709,712,-0.28000000000000003,-0.059999999999999998
710,711,-0.88900619230798084,0.040000000000000001
710,713,-0.28000000000000003,0.059999999999999998
711,712,-0.89087809497733295,0.040000000000000001
711,714,-0.28000000000000003,0.029999999999999999
712,713,-0.89279420404557652,0.040000000000000001
712,715,-0.28000000000000003,0
712,729,0.093397972954472663,0.090425763187244337
713,714,-0.89475279514388339,0.040000000000000001
713,716,-0.28000000000000003,-0.029999999999999999
714,715,-0.89675210567246588,0.040000000000000001
714,717,-0.28000000000000003,-0.059999999999999998
715,716,-0.89879033638679806,0.040000000000000001
715,718,-0.28000000000000003,0.059999999999999998
716,717,-0.90086565301681332,0.040000000000000001
716,719,-0.28000000000000003,0.029999999999999999
716,733,0.12961557423053827,0.009990140984381753
717,718,-0.90297618791762402,0.040000000000000001
717,720,-0.28000000000000003,0
718,719,-0.90512004175027683,0.040000000000000001
718,721,-0.28000000000000003,-0.029999999999999999
719,720,-0.90729528519102776,0.040000000000000001
719,722,-0.28000000000000003,-0.059999999999999998
720,721,-0.90949996066760441,0.040000000000000001
720,723,-0.28000000000000003,0.059999999999999998
720,737,0.12050256529236515,0.048776344245538505
721,722,-0.91173208412088969,0.040000000000000001
721,724,-0.28000000000000003,0.029999999999999999
722,723,-0.91398964679043915,0.040000000000000001
722,725,-0.28000000000000003,0
723,724,-0.91627061702223067,0.040000000000000001
723,726,-0.28000000000000003,-0.029999999999999999
724,725,-0.91857294209701712,0.040000000000000001
724,727,-0.28000000000000003,-0.059999999999999998
724,741,0.10007075399479344,0.0829809869482976
725,726,-0.92089455007763332,0.040000000000000001
725,728,-0.28000000000000003,0.059999999999999998
726,727,-0.92323335167360021,0.040000000000000001
726,729,-0.28000000000000003,0.029999999999999999
727,728,-0.92558724212134624,0.040000000000000001
727,730,-0.28000000000000003,0
728,729,-0.92795410307835113,0.040000000000000001
728,731,-0.28000000000000003,-0.029999999999999999
728,745,0.13,0
729,730,-0.93033180452951159,0.040000000000000001
729,732,-0.28000000000000003,-0.059999999999999998
730,731,-0.93271820670401206,0.040000000000000001
730,733,-0.28000000000000003,0.059999999999999998
731,732,-0.93511116200097277,0.040000000000000001
731,734,-0.28000000000000003,0.029999999999999999
732,733,-0.93750851692214587,0.040000000000000001
732,735,-0.28000000000000003,0
732,749,0.12389455194106543,0.039371817323088379
733,734,-0.93990811400991869,0.040000000000000001
733,736,-0.28000000000000003,-0.029999999999999999
734,735,-0.94230779378888074,0.040000000000000001
734,737,-0.28000000000000003,-0.059999999999999998
735,736,-0.94470539670920417,0.040000000000000001
735,738,-0.28000000000000003,0.059999999999999998
736,737,-0.94709876509009383,0.040000000000000001
736,739,-0.28000000000000003,0.029999999999999999
736,753,0.10615169231811321,0.07504544102076173
737,738,-0.94948574506155492,0.040000000000000001
737,740,-0.28000000000000003,0
738,739,-0.95186418850272925,0.040000000000000001
738,741,-0.28000000000000003,-0.029999999999999999
739,740,-0.95423195497505953,0.040000000000000001
739,742,-0.28000000000000003,-0.059999999999999998
740,741,-0.95658691364854065,0.040000000000000001
740,743,-0.28000000000000003,0.059999999999999998
740,757,0.078438007405680299,0.10367004868440279
741,742,-0.9589269452193212,0.040000000000000001
741,744,-0.28000000000000003,0.029999999999999999
742,743,-0.96124994381693452,0.040000000000000001
742,745,-0.28000000000000003,0
743,744,-0.96355381889944103,0.040000000000000001
743,746,-0.28000000000000003,-0.029999999999999999
744,745,-0.96583649713477315,0.040000000000000001
744,747,-0.28000000000000003,-0.059999999999999998
744,761,0.12655379615188786,0.029734435921106941
745,746,-0.96809592426659496,0.040000000000000001
745,748,-0.28000000000000003,0.059999999999999998
746,747,-0.97033006696299517,0.040000000000000001
746,749,-0.28000000000000003,0.029999999999999999
747,748,-0.97253691464634673,0.040000000000000001
747,750,-0.28000000000000003,0
748,749,-0.97471448130269212,0.040000000000000001
748,751,-0.28000000000000003,-0.029999999999999999
748,765,0.11160482377990905,0.066666058148471985
749,750,-0.97686080726902258,0.040000000000000001
749,752,-0.28000000000000003,-0.059999999999999998
750,751,-0.97897396099684075,0.040000000000000001
750,753,-0.28000000000000003,0.059999999999999998
751,752,-0.98105204079042496,0.040000000000000001
751,754,-0.28000000000000003,0.029999999999999999
752,753,-0.98309317651822758,0.040000000000000001
752,755,-0.28000000000000003,0
753,754,-0.98509553129586602,0.040000000000000001
753,756,-0.28000000000000003,-0.029999999999999999
754,755,-0.98705730313919504,0.040000000000000001
754,757,-0.28000000000000003,-0.059999999999999998
755,756,-0.98897672658597169,0.040000000000000001
755,758,-0.28000000000000003,0.059999999999999998
756,757,-0.99085207428465072,0.040000000000000001
756,759,-0.28000000000000003,0.029999999999999999
757,758,-0.99268165854888568,0.040000000000000001
757,760,-0.28000000000000003,0
758,759,-0.99446383287633178,0.040000000000000001
758,761,-0.28000000000000003,-0.029999999999999999
759,760,-0.9961969934303877,0.040000000000000001
759,762,-0.28000000000000003,-0.059999999999999998
760,761,-0.99787958048353953,0.040000000000000001
760,763,-0.28000000000000003,0.059999999999999998
761,762,-0.99951007982101048,0.040000000000000001
761,764,-0.28000000000000003,0.029999999999999999
762,763,-1.0010870241034526,0.040000000000000001
762,765,-0.28000000000000003,0
763,764,-1.0026089941874521,0.040000000000000001
763,766,-0.28000000000000003,-0.029999999999999999
764,765,-1.0040746204026629,0.040000000000000001
764,767,-0.28000000000000003,-0.059999999999999998
765,766,-1.0054825837844188,0.040000000000000001
765,768,-0.28000000000000003,0.059999999999999998
766,767,-1.0068316172607104,0.040000000000000001
767,768,-1.0081205067924661,0.040000000000000001
